"Table 285-0003 Job Vacancy and Wage Survey (JVWS), job vacancies and average offered hourly wage by economic region and detailed National Occupational Classification (NOC), unadjusted for seasonality, quarterly(1)"
Survey or program details:
Job Vacancy and Wage Survey - 5217
Geography (2),National Occupational Classification (3),Statistics,Q1 2016,Q2 2016,Q3 2016,Q4 2016,Q1 2017,Q2 2017
Ontario,"Total, all occupations",Average offered hourly wage (dollars) (5),20.20,20.10,20.65,20.40,20.70,19.80
Ontario,Management occupations [0] ,Average offered hourly wage (dollars) (5),32.25,36.15,37.55,37.60,36.75,36.70
Ontario,Senior management occupations [00] ,Average offered hourly wage (dollars) (5),71.30,65.50,67.35,73.80,62.90,59.20
Ontario,Legislators and senior management [001] ,Average offered hourly wage (dollars) (5),71.30,65.50,67.35,73.80,62.90,59.20
Ontario,Legislators [0011] ,Average offered hourly wage (dollars) (5),..,..,..,..,..,..
Ontario,Senior government managers and officials [0012] ,Average offered hourly wage (dollars) (5),71.15,63.20,50.35,50.05,59.20,x
Ontario,"Senior managers - financial, communications and other business services [0013] ",Average offered hourly wage (dollars) (5),80.15,56.50,57.90,70.95,71.45,64.10
Ontario,"Senior managers - health, education, social and community services and membership organizations [0014] ",Average offered hourly wage (dollars) (5),49.95,54.75,79.70,70.95,50.10,68.40
Ontario,"Senior managers - trade, broadcasting and other services, not elsewhere classified (n.e.c.) [0015] ",Average offered hourly wage (dollars) (5),92.35,87.35,95.45,83.55,57.05,x
Ontario,"Senior managers - construction, transportation, production and utilities [0016] ",Average offered hourly wage (dollars) (5),59.75,92.15,70.85,83.65,93.70,76.80
Ontario,Specialized middle management occupations [01-05] ,Average offered hourly wage (dollars) (5),40.90,40.05,41.55,41.95,42.40,40.90
Ontario,Administrative services managers [011] ,Average offered hourly wage (dollars) (5),40.70,40.00,40.80,42.50,39.25,36.85
Ontario,Financial managers [0111] ,Average offered hourly wage (dollars) (5),44.20,40.35,40.65,44.45,39.85,35.55
Ontario,Human resources managers [0112] ,Average offered hourly wage (dollars) (5),37.45,40.90,43.30,41.35,39.30,37.75
Ontario,Purchasing managers [0113] ,Average offered hourly wage (dollars) (5),44.45,42.95,45.50,36.90,37.45,42.65
Ontario,Other administrative services managers [0114] ,Average offered hourly wage (dollars) (5),34.70,36.45,36.05,37.80,34.65,48.15
Ontario,Managers in financial and business services [012] ,Average offered hourly wage (dollars) (5),40.45,39.10,40.05,39.05,42.70,41.60
Ontario,"Insurance, real estate and financial brokerage managers [0121] ",Average offered hourly wage (dollars) (5),42.15,41.50,42.55,47.90,35.50,42.90
Ontario,"Banking, credit and other investment managers [0122] ",Average offered hourly wage (dollars) (5),42.40,38.75,35.70,36.80,41.15,41.80
Ontario,"Advertising, marketing and public relations managers [0124] ",Average offered hourly wage (dollars) (5),38.90,37.00,45.15,37.25,46.90,41.35
Ontario,Other business services managers [0125] ,Average offered hourly wage (dollars) (5),40.00,45.35,38.15,40.85,40.15,38.00
Ontario,Managers in communication (except broadcasting) [013] ,Average offered hourly wage (dollars) (5),36.20,x,49.65,39.30,F,35.85
Ontario,Telecommunication carriers managers [0131] ,Average offered hourly wage (dollars) (5),37.60,x,51.15,x,x,34.80
Ontario,Postal and courier services managers [0132] ,Average offered hourly wage (dollars) (5),F,31.85,F,x,x,39.95
Ontario,"Managers in engineering, architecture, science and information systems [021] ",Average offered hourly wage (dollars) (5),43.55,44.35,48.60,47.20,48.10,49.90
Ontario,Engineering managers [0211] ,Average offered hourly wage (dollars) (5),44.35,45.95,58.30,49.55,53.60,57.55
Ontario,Architecture and science managers [0212] ,Average offered hourly wage (dollars) (5),46.05,48.80,46.90,46.20,43.80,48.75
Ontario,Computer and information systems managers [0213] ,Average offered hourly wage (dollars) (5),42.65,43.30,46.30,46.75,46.95,46.65
Ontario,Managers in health care [031] ,Average offered hourly wage (dollars) (5),40.40,42.70,41.90,39.15,42.80,43.45
Ontario,Managers in health care [0311] ,Average offered hourly wage (dollars) (5),40.40,42.70,41.90,39.15,42.80,43.45
Ontario,Managers in public administration [041] ,Average offered hourly wage (dollars) (5),45.80,44.00,34.80,47.90,45.75,45.85
Ontario,Government managers - health and social policy development and program administration [0411] ,Average offered hourly wage (dollars) (5),50.50,x,41.05,45.30,x,41.35
Ontario,"Government managers - economic analysis, policy development and program administration [0412] ",Average offered hourly wage (dollars) (5),47.35,38.80,49.10,x,49.60,x
Ontario,Government managers - education policy development and program administration [0413] ,Average offered hourly wage (dollars) (5),32.75,x,F,x,x,x
Ontario,Other managers in public administration [0414] ,Average offered hourly wage (dollars) (5),44.15,46.05,42.65,49.75,44.75,48.70
Ontario,Managers in education and social and community services [042] ,Average offered hourly wage (dollars) (5),37.40,38.85,39.95,47.05,40.15,40.65
Ontario,Administrators - post-secondary education and vocational training [0421] ,Average offered hourly wage (dollars) (5),44.20,48.45,46.60,46.95,40.95,43.85
Ontario,School principals and administrators of elementary and secondary education [0422] ,Average offered hourly wage (dollars) (5),38.75,35.75,51.60,41.55,33.15,49.50
Ontario,"Managers in social, community and correctional services [0423] ",Average offered hourly wage (dollars) (5),30.55,34.45,36.95,47.30,40.95,38.35
Ontario,Managers in public protection services [043] ,Average offered hourly wage (dollars) (5),42.55,x,60.30,58.05,60.50,53.70
Ontario,Commissioned police officers [0431] ,Average offered hourly wage (dollars) (5),..,..,..,..,..,x
Ontario,Fire chiefs and senior firefighting officers [0432] ,Average offered hourly wage (dollars) (5),42.55,x,60.30,58.05,60.50,x
Ontario,Commissioned officers of the Canadian Armed Forces [0433] ,Average offered hourly wage (dollars) (5),..,..,..,..,..,..
Ontario,"Managers in art, culture, recreation and sport [051] ",Average offered hourly wage (dollars) (5),34.00,28.95,35.00,30.90,26.95,29.50
Ontario,"Library, archive, museum and art gallery managers [0511] ",Average offered hourly wage (dollars) (5),50.45,40.55,49.10,57.20,42.65,44.25
Ontario,"Managers - publishing, motion pictures, broadcasting and performing arts [0512] ",Average offered hourly wage (dollars) (5),27.75,30.40,35.85,29.90,26.70,32.95
Ontario,"Recreation, sports and fitness program and service directors [0513] ",Average offered hourly wage (dollars) (5),25.60,26.00,29.00,27.90,24.55,25.65
Ontario,Middle management occupations in retail and wholesale trade and customer services [06] ,Average offered hourly wage (dollars) (5),22.75,24.10,24.85,23.35,24.15,24.75
Ontario,Corporate sales managers [060] ,Average offered hourly wage (dollars) (5),30.35,32.15,33.10,31.10,34.00,34.70
Ontario,Corporate sales managers [0601] ,Average offered hourly wage (dollars) (5),30.35,32.15,33.10,31.10,34.00,34.70
Ontario,Retail and wholesale trade managers [062] ,Average offered hourly wage (dollars) (5),19.60,22.20,23.85,22.35,21.25,21.95
Ontario,Retail and wholesale trade managers [0621] ,Average offered hourly wage (dollars) (5),19.60,22.20,23.85,22.35,21.25,21.95
Ontario,Managers in food service and accommodation [063] ,Average offered hourly wage (dollars) (5),19.40,17.30,18.40,16.20,18.35,18.75
Ontario,Restaurant and food service managers [0631] ,Average offered hourly wage (dollars) (5),18.70,16.75,17.55,15.35,16.30,17.95
Ontario,Accommodation service managers [0632] ,Average offered hourly wage (dollars) (5),25.55,20.10,23.60,21.45,33.15,23.90
Ontario,"Managers in customer and personal services, not elsewhere classified (n.e.c.) [065] ",Average offered hourly wage (dollars) (5),17.90,17.65,28.75,22.15,19.55,24.10
Ontario,"Managers in customer and personal services, not elsewhere classified (n.e.c.) [0651] ",Average offered hourly wage (dollars) (5),17.90,17.65,28.75,22.15,19.55,24.10
Ontario,"Middle management occupations in trades, transportation, production and utilities [07-09] ",Average offered hourly wage (dollars) (5),23.75,34.80,35.05,37.55,36.55,33.40
Ontario,Managers in construction and facility operation and maintenance [071] ,Average offered hourly wage (dollars) (5),19.40,32.40,32.20,33.30,36.40,31.70
Ontario,Construction managers [0711] ,Average offered hourly wage (dollars) (5),x,33.15,35.85,x,41.30,39.10
Ontario,Home building and renovation managers [0712] ,Average offered hourly wage (dollars) (5),F,..,x,x,..,x
Ontario,Facility operation and maintenance managers [0714] ,Average offered hourly wage (dollars) (5),x,31.15,x,33.05,31.80,x
Ontario,Managers in transportation [073] ,Average offered hourly wage (dollars) (5),38.55,49.05,38.50,36.45,36.20,37.55
Ontario,Managers in transportation [0731] ,Average offered hourly wage (dollars) (5),38.55,49.05,38.50,36.45,36.20,37.55
Ontario,Managers in natural resources production and fishing [081] ,Average offered hourly wage (dollars) (5),44.20,66.80,x,64.90,66.80,73.40
Ontario,Managers in natural resources production and fishing [0811] ,Average offered hourly wage (dollars) (5),44.20,66.80,x,64.90,66.80,73.40
Ontario,"Managers in agriculture, horticulture and aquaculture [082] ",Average offered hourly wage (dollars) (5),20.00,14.05,x,19.80,15.10,16.65
Ontario,Managers in agriculture [0821] ,Average offered hourly wage (dollars) (5),20.75,13.80,x,F,13.80,x
Ontario,Managers in horticulture [0822] ,Average offered hourly wage (dollars) (5),F,F,x,F,F,x
Ontario,Managers in aquaculture [0823] ,Average offered hourly wage (dollars) (5),..,..,..,..,..,..
Ontario,Managers in manufacturing and utilities [091] ,Average offered hourly wage (dollars) (5),37.90,39.45,39.45,42.75,39.55,35.10
Ontario,Manufacturing managers [0911] ,Average offered hourly wage (dollars) (5),37.90,39.10,39.30,42.85,38.35,34.45
Ontario,Utilities managers [0912] ,Average offered hourly wage (dollars) (5),37.80,42.80,40.45,42.20,54.05,44.35
Ontario,"Business, finance and administration occupations [1] ",Average offered hourly wage (dollars) (5),22.10,21.60,21.45,21.80,22.15,23.35
Ontario,Professional occupations in business and finance [11] ,Average offered hourly wage (dollars) (5),27.05,26.25,24.25,27.35,27.75,29.95
Ontario,"Auditors, accountants and investment professionals [111] ",Average offered hourly wage (dollars) (5),30.10,27.70,31.85,28.90,34.25,31.85
Ontario,Financial auditors and accountants [1111] ,Average offered hourly wage (dollars) (5),28.60,27.50,32.35,29.35,30.90,28.90
Ontario,Financial and investment analysts [1112] ,Average offered hourly wage (dollars) (5),36.30,29.35,34.00,28.75,36.20,34.55
Ontario,"Securities agents, investment dealers and brokers [1113] ",Average offered hourly wage (dollars) (5),26.85,24.60,27.40,24.05,41.55,28.70
Ontario,Other financial officers [1114] ,Average offered hourly wage (dollars) (5),25.35,27.20,28.80,30.55,30.50,27.35
Ontario,Human resources and business service professionals [112] ,Average offered hourly wage (dollars) (5),25.10,24.90,20.05,25.55,24.00,27.00
Ontario,Human resources professionals [1121] ,Average offered hourly wage (dollars) (5),28.80,29.90,31.85,30.45,29.40,29.80
Ontario,Professional occupations in business management consulting [1122] ,Average offered hourly wage (dollars) (5),41.75,30.50,34.30,27.00,26.50,32.95
Ontario,"Professional occupations in advertising, marketing and public relations [1123] ",Average offered hourly wage (dollars) (5),20.25,22.25,17.10,23.35,22.30,24.40
Ontario,Administrative and financial supervisors and administrative occupations [12] ,Average offered hourly wage (dollars) (5),22.00,21.45,22.15,22.20,22.65,21.95
Ontario,Administrative services supervisors [121] ,Average offered hourly wage (dollars) (5),22.70,23.35,25.20,23.90,25.10,23.75
Ontario,"Supervisors, general office and administrative support workers [1211] ",Average offered hourly wage (dollars) (5),22.05,29.05,26.30,x,28.80,22.10
Ontario,"Supervisors, finance and insurance office workers [1212] ",Average offered hourly wage (dollars) (5),24.10,24.80,28.35,23.60,26.55,26.80
Ontario,"Supervisors, library, correspondence and related information workers [1213] ",Average offered hourly wage (dollars) (5),30.10,x,x,x,x,x
Ontario,"Supervisors, mail and message distribution occupations [1214] ",Average offered hourly wage (dollars) (5),F,x,x,x,x,x
Ontario,"Supervisors, supply chain, tracking and scheduling co-ordination occupations [1215] ",Average offered hourly wage (dollars) (5),21.95,21.05,22.95,23.95,22.80,22.25
Ontario,Administrative and regulatory occupations [122] ,Average offered hourly wage (dollars) (5),22.65,22.75,22.75,23.00,24.40,23.45
Ontario,Administrative officers [1221] ,Average offered hourly wage (dollars) (5),20.40,21.30,22.95,23.50,24.30,23.70
Ontario,Executive assistants [1222] ,Average offered hourly wage (dollars) (5),22.10,27.65,28.50,23.30,22.95,25.20
Ontario,Human resources and recruitment officers [1223] ,Average offered hourly wage (dollars) (5),23.40,19.65,21.25,19.80,21.15,22.20
Ontario,Property administrators [1224] ,Average offered hourly wage (dollars) (5),27.85,30.25,x,27.25,x,22.95
Ontario,Purchasing agents and officers [1225] ,Average offered hourly wage (dollars) (5),28.30,33.30,27.20,27.40,28.90,27.50
Ontario,Conference and event planners [1226] ,Average offered hourly wage (dollars) (5),21.15,19.40,15.05,19.65,21.15,16.65
Ontario,Court officers and justices of the peace [1227] ,Average offered hourly wage (dollars) (5),x,..,x,x,x,..
Ontario,"Employment insurance, immigration, border services and revenue officers [1228] ",Average offered hourly wage (dollars) (5),x,F,..,x,x,F
Ontario,"Office administrative assistants - general, legal and medical [124] ",Average offered hourly wage (dollars) (5),19.05,18.90,19.75,19.85,19.75,19.35
Ontario,Administrative assistants [1241] ,Average offered hourly wage (dollars) (5),18.20,18.80,18.30,18.10,20.00,18.65
Ontario,Legal administrative assistants [1242] ,Average offered hourly wage (dollars) (5),20.30,22.05,21.30,22.45,19.10,19.45
Ontario,Medical administrative assistants [1243] ,Average offered hourly wage (dollars) (5),21.80,16.45,24.20,20.85,19.50,22.35
Ontario,"Court reporters, transcriptionists, records management technicians and statistical officers [125] ",Average offered hourly wage (dollars) (5),30.55,21.90,24.35,24.25,27.05,18.70
Ontario,"Court reporters, medical transcriptionists and related occupations [1251] ",Average offered hourly wage (dollars) (5),..,x,x,x,x,x
Ontario,Health information management occupations [1252] ,Average offered hourly wage (dollars) (5),28.50,28.75,25.00,29.00,22.05,22.35
Ontario,Records management technicians [1253] ,Average offered hourly wage (dollars) (5),31.80,x,24.40,18.60,x,23.05
Ontario,Statistical officers and related research support occupations [1254] ,Average offered hourly wage (dollars) (5),29.65,20.70,x,x,33.55,x
Ontario,"Finance, insurance and related business administrative occupations [13] ",Average offered hourly wage (dollars) (5),24.35,22.35,22.45,22.80,24.45,22.70
Ontario,"Finance, insurance and related business administrative occupations [131] ",Average offered hourly wage (dollars) (5),24.35,22.35,22.45,22.80,24.45,22.70
Ontario,Accounting technicians and bookkeepers [1311] ,Average offered hourly wage (dollars) (5),17.30,17.85,18.20,20.80,22.00,19.80
Ontario,Insurance adjusters and claims examiners [1312] ,Average offered hourly wage (dollars) (5),28.50,30.10,22.95,24.45,26.50,23.40
Ontario,Insurance underwriters [1313] ,Average offered hourly wage (dollars) (5),32.75,25.95,27.95,28.30,31.80,30.25
Ontario,"Assessors, valuators and appraisers [1314] ",Average offered hourly wage (dollars) (5),34.30,22.20,x,20.85,32.20,25.00
Ontario,"Customs, ship and other brokers [1315] ",Average offered hourly wage (dollars) (5),F,17.60,x,17.05,20.75,19.65
Ontario,Office support occupations [14] ,Average offered hourly wage (dollars) (5),16.50,17.70,16.65,17.00,17.70,17.25
Ontario,General office workers [141] ,Average offered hourly wage (dollars) (5),15.95,16.75,16.50,16.30,17.00,16.15
Ontario,General office support workers [1411] ,Average offered hourly wage (dollars) (5),17.40,17.00,17.90,17.85,16.90,16.85
Ontario,Receptionists [1414] ,Average offered hourly wage (dollars) (5),14.60,16.30,15.35,15.20,x,15.80
Ontario,Personnel clerks [1415] ,Average offered hourly wage (dollars) (5),23.75,x,x,x,19.50,x
Ontario,Court clerks [1416] ,Average offered hourly wage (dollars) (5),..,x,x,x,x,x
Ontario,Office equipment operators [142] ,Average offered hourly wage (dollars) (5),15.55,15.00,15.10,17.20,16.80,16.95
Ontario,Data entry clerks [1422] ,Average offered hourly wage (dollars) (5),x,x,x,17.25,16.80,x
Ontario,Desktop publishing operators and related occupations [1423] ,Average offered hourly wage (dollars) (5),x,x,x,F,16.70,x
Ontario,"Financial, insurance and related administrative support workers [143] ",Average offered hourly wage (dollars) (5),17.15,19.45,17.50,18.25,20.50,19.30
Ontario,Accounting and related clerks [1431] ,Average offered hourly wage (dollars) (5),16.15,19.30,18.80,18.35,18.55,19.10
Ontario,Payroll administrators [1432] ,Average offered hourly wage (dollars) (5),x,23.90,x,23.30,25.75,24.85
Ontario,"Banking, insurance and other financial clerks [1434] ",Average offered hourly wage (dollars) (5),x,20.15,x,F,22.15,19.75
Ontario,Collectors [1435] ,Average offered hourly wage (dollars) (5),12.80,15.80,x,15.60,21.70,14.95
Ontario,"Library, correspondence and other clerks [145] ",Average offered hourly wage (dollars) (5),16.70,19.45,14.70,15.85,14.55,16.75
Ontario,Library assistants and clerks [1451] ,Average offered hourly wage (dollars) (5),23.95,17.90,x,x,16.80,17.85
Ontario,"Correspondence, publication and regulatory clerks [1452] ",Average offered hourly wage (dollars) (5),23.25,x,21.35,x,22.35,21.25
Ontario,Survey interviewers and statistical clerks [1454] ,Average offered hourly wage (dollars) (5),12.70,x,x,x,12.80,12.05
Ontario,"Distribution, tracking and scheduling co-ordination occupations [15] ",Average offered hourly wage (dollars) (5),15.05,16.70,17.25,17.20,15.65,17.25
Ontario,Mail and message distribution occupations [151] ,Average offered hourly wage (dollars) (5),13.30,F,x,x,x,x
Ontario,"Mail, postal and related workers [1511] ",Average offered hourly wage (dollars) (5),13.60,x,x,16.70,x,x
Ontario,Letter carriers [1512] ,Average offered hourly wage (dollars) (5),x,x,x,x,x,x
Ontario,"Couriers, messengers and door-to-door distributors [1513] ",Average offered hourly wage (dollars) (5),x,x,x,x,x,x
Ontario,"Supply chain logistics, tracking and scheduling co-ordination occupations [152] ",Average offered hourly wage (dollars) (5),15.25,16.60,x,x,x,x
Ontario,Shippers and receivers [1521] ,Average offered hourly wage (dollars) (5),14.45,14.55,14.60,14.50,15.00,15.00
Ontario,Storekeepers and partspersons [1522] ,Average offered hourly wage (dollars) (5),12.95,15.75,14.75,x,16.80,x
Ontario,Production logistics co-ordinators [1523] ,Average offered hourly wage (dollars) (5),22.85,21.15,25.05,25.65,24.65,20.45
Ontario,Purchasing and inventory control workers [1524] ,Average offered hourly wage (dollars) (5),16.90,18.15,14.20,x,x,17.25
Ontario,Dispatchers [1525] ,Average offered hourly wage (dollars) (5),14.60,19.50,18.05,18.10,19.35,x
Ontario,Transportation route and crew schedulers [1526] ,Average offered hourly wage (dollars) (5),18.70,26.25,x,17.15,25.10,x
Ontario,Natural and applied sciences and related occupations [2] ,Average offered hourly wage (dollars) (5),32.50,31.15,30.95,32.15,31.25,31.00
Ontario,Professional occupations in natural and applied sciences [21] ,Average offered hourly wage (dollars) (5),36.50,35.60,34.90,35.50,35.80,35.90
Ontario,Physical science professionals [211] ,Average offered hourly wage (dollars) (5),x,40.60,32.50,38.45,31.65,31.25
Ontario,Physicists and astronomers [2111] ,Average offered hourly wage (dollars) (5),x,58.65,36.85,36.05,46.20,56.05
Ontario,Chemists [2112] ,Average offered hourly wage (dollars) (5),28.30,28.70,30.15,31.60,28.65,23.30
Ontario,Geoscientists and oceanographers [2113] ,Average offered hourly wage (dollars) (5),x,43.00,F,x,30.85,33.75
Ontario,Meteorologists and climatologists [2114] ,Average offered hourly wage (dollars) (5),x,x,..,x,..,x
Ontario,Other professional occupations in physical sciences [2115] ,Average offered hourly wage (dollars) (5),x,x,29.80,44.40,30.35,x
Ontario,Life science professionals [212] ,Average offered hourly wage (dollars) (5),x,43.50,29.80,35.65,30.90,27.95
Ontario,Biologists and related scientists [2121] ,Average offered hourly wage (dollars) (5),x,x,x,x,33.45,x
Ontario,Forestry professionals [2122] ,Average offered hourly wage (dollars) (5),..,..,F,..,x,x
Ontario,"Agricultural representatives, consultants and specialists [2123] ",Average offered hourly wage (dollars) (5),x,x,x,x,x,x
Ontario,"Civil, mechanical, electrical and chemical engineers [213] ",Average offered hourly wage (dollars) (5),35.00,36.55,35.40,35.30,39.05,40.15
Ontario,Civil engineers [2131] ,Average offered hourly wage (dollars) (5),42.60,36.95,35.05,36.80,39.00,41.85
Ontario,Mechanical engineers [2132] ,Average offered hourly wage (dollars) (5),27.40,30.45,36.30,33.35,34.20,38.60
Ontario,Electrical and electronics engineers [2133] ,Average offered hourly wage (dollars) (5),32.80,39.15,34.20,35.95,44.95,40.80
Ontario,Chemical engineers [2134] ,Average offered hourly wage (dollars) (5),30.75,38.85,39.30,36.35,39.25,32.75
Ontario,Other engineers [214] ,Average offered hourly wage (dollars) (5),36.85,34.55,37.10,37.65,37.20,36.30
Ontario,Industrial and manufacturing engineers [2141] ,Average offered hourly wage (dollars) (5),31.00,30.00,30.50,33.40,33.45,33.20
Ontario,Metallurgical and materials engineers [2142] ,Average offered hourly wage (dollars) (5),x,x,x,x,x,F
Ontario,Mining engineers [2143] ,Average offered hourly wage (dollars) (5),35.60,F,41.80,77.35,45.85,x
Ontario,Geological engineers [2144] ,Average offered hourly wage (dollars) (5),..,x,x,x,x,x
Ontario,Petroleum engineers [2145] ,Average offered hourly wage (dollars) (5),x,40.15,F,x,..,..
Ontario,Aerospace engineers [2146] ,Average offered hourly wage (dollars) (5),x,34.10,39.85,32.75,38.65,x
Ontario,Computer engineers (except software engineers and designers) [2147] ,Average offered hourly wage (dollars) (5),43.65,37.80,43.00,36.35,38.85,36.65
Ontario,"Other professional engineers, not elsewhere classified (n.e.c.) [2148] ",Average offered hourly wage (dollars) (5),26.70,38.30,37.90,34.65,40.80,34.65
Ontario,"Architects, urban planners and land surveyors [215] ",Average offered hourly wage (dollars) (5),44.00,30.55,29.55,35.05,36.75,32.55
Ontario,Architects [2151] ,Average offered hourly wage (dollars) (5),57.80,35.65,x,31.40,34.55,30.90
Ontario,Landscape architects [2152] ,Average offered hourly wage (dollars) (5),x,F,x,x,x,21.80
Ontario,Urban and land use planners [2153] ,Average offered hourly wage (dollars) (5),32.30,31.30,29.35,38.10,37.95,34.85
Ontario,Land surveyors [2154] ,Average offered hourly wage (dollars) (5),x,F,x,x,x,F
Ontario,"Mathematicians, statisticians and actuaries [216] ",Average offered hourly wage (dollars) (5),34.25,40.65,42.00,36.05,F,34.20
Ontario,"Mathematicians, statisticians and actuaries [2161] ",Average offered hourly wage (dollars) (5),34.25,40.65,42.00,36.05,F,34.20
Ontario,Computer and information systems professionals [217] ,Average offered hourly wage (dollars) (5),36.95,35.45,34.55,35.05,34.90,35.35
Ontario,Information systems analysts and consultants [2171] ,Average offered hourly wage (dollars) (5),33.40,34.85,33.10,34.25,34.45,34.55
Ontario,Database analysts and data administrators [2172] ,Average offered hourly wage (dollars) (5),44.00,30.95,29.40,31.45,32.50,31.60
Ontario,Software engineers and designers [2173] ,Average offered hourly wage (dollars) (5),40.00,38.30,39.45,36.45,39.75,39.90
Ontario,Computer programmers and interactive media developers [2174] ,Average offered hourly wage (dollars) (5),38.25,36.25,35.35,35.90,34.05,35.25
Ontario,Web designers and developers [2175] ,Average offered hourly wage (dollars) (5),31.95,31.45,31.30,33.70,28.75,28.15
Ontario,Technical occupations related to natural and applied sciences [22] ,Average offered hourly wage (dollars) (5),25.35,24.05,24.10,25.00,23.70,22.90
Ontario,Technical occupations in physical sciences [221] ,Average offered hourly wage (dollars) (5),21.90,18.20,22.10,25.50,20.65,17.70
Ontario,Chemical technologists and technicians [2211] ,Average offered hourly wage (dollars) (5),21.45,18.35,x,25.65,18.65,20.55
Ontario,Geological and mineral technologists and technicians [2212] ,Average offered hourly wage (dollars) (5),23.75,17.45,x,25.20,25.30,15.65
Ontario,Technical occupations in life sciences [222] ,Average offered hourly wage (dollars) (5),18.95,19.80,18.40,23.15,16.20,16.55
Ontario,Biological technologists and technicians [2221] ,Average offered hourly wage (dollars) (5),20.95,21.30,x,x,21.65,16.35
Ontario,Agricultural and fish products inspectors [2222] ,Average offered hourly wage (dollars) (5),x,x,x,..,x,x
Ontario,Forestry technologists and technicians [2223] ,Average offered hourly wage (dollars) (5),x,x,F,..,x,x
Ontario,Conservation and fishery officers [2224] ,Average offered hourly wage (dollars) (5),x,x,x,x,x,x
Ontario,Landscape and horticulture technicians and specialists [2225] ,Average offered hourly wage (dollars) (5),18.10,20.10,18.35,x,x,17.15
Ontario,"Technical occupations in civil, mechanical and industrial engineering [223] ",Average offered hourly wage (dollars) (5),27.80,25.10,26.85,26.50,25.75,25.75
Ontario,Civil engineering technologists and technicians [2231] ,Average offered hourly wage (dollars) (5),21.80,24.70,25.50,30.25,23.75,27.80
Ontario,Mechanical engineering technologists and technicians [2232] ,Average offered hourly wage (dollars) (5),30.80,23.10,26.95,24.10,26.40,25.10
Ontario,Industrial engineering and manufacturing technologists and technicians [2233] ,Average offered hourly wage (dollars) (5),25.75,23.25,27.60,24.50,24.45,24.30
Ontario,Construction estimators [2234] ,Average offered hourly wage (dollars) (5),32.35,30.95,25.30,35.20,28.55,28.85
Ontario,Technical occupations in electronics and electrical engineering [224] ,Average offered hourly wage (dollars) (5),21.90,23.60,21.10,21.20,22.60,23.45
Ontario,Electrical and electronics engineering technologists and technicians [2241] ,Average offered hourly wage (dollars) (5),23.75,26.05,26.50,24.15,26.35,27.35
Ontario,Electronic service technicians (household and business equipment) [2242] ,Average offered hourly wage (dollars) (5),19.75,20.15,15.55,17.85,x,x
Ontario,Industrial instrument technicians and mechanics [2243] ,Average offered hourly wage (dollars) (5),24.50,28.75,x,31.95,26.00,34.00
Ontario,"Aircraft instrument, electrical and avionics mechanics, technicians and inspectors [2244] ",Average offered hourly wage (dollars) (5),..,F,x,23.05,x,x
Ontario,"Technical occupations in architecture, drafting, surveying, geomatics and meteorology [225] ",Average offered hourly wage (dollars) (5),22.45,20.75,21.60,24.05,23.10,23.55
Ontario,Architectural technologists and technicians [2251] ,Average offered hourly wage (dollars) (5),x,16.50,x,27.80,22.95,19.60
Ontario,Industrial designers [2252] ,Average offered hourly wage (dollars) (5),25.95,24.95,25.05,23.30,23.95,24.40
Ontario,Drafting technologists and technicians [2253] ,Average offered hourly wage (dollars) (5),21.00,20.15,19.45,23.30,22.15,25.00
Ontario,Land survey technologists and technicians [2254] ,Average offered hourly wage (dollars) (5),x,F,x,F,24.10,F
Ontario,Technical occupations in geomatics and meteorology [2255] ,Average offered hourly wage (dollars) (5),x,27.15,30.60,F,27.20,F
Ontario,Other technical inspectors and regulatory officers [226] ,Average offered hourly wage (dollars) (5),28.30,32.35,29.55,29.20,32.75,28.45
Ontario,Non-destructive testers and inspection technicians [2261] ,Average offered hourly wage (dollars) (5),F,39.00,x,29.50,x,27.70
Ontario,Engineering inspectors and regulatory officers [2262] ,Average offered hourly wage (dollars) (5),28.55,30.90,x,27.25,x,30.65
Ontario,Inspectors in public and environmental health and occupational health and safety [2263] ,Average offered hourly wage (dollars) (5),28.05,29.70,26.05,29.90,34.60,29.15
Ontario,Construction inspectors [2264] ,Average offered hourly wage (dollars) (5),27.25,31.95,31.50,29.60,31.30,26.95
Ontario,Transportation officers and controllers [227] ,Average offered hourly wage (dollars) (5),38.85,37.55,28.85,29.25,29.85,29.85
Ontario,"Air pilots, flight engineers and flying instructors [2271] ",Average offered hourly wage (dollars) (5),x,43.70,33.45,x,x,x
Ontario,Air traffic controllers and related occupations [2272] ,Average offered hourly wage (dollars) (5),x,x,F,x,x,x
Ontario,"Deck officers, water transport [2273] ",Average offered hourly wage (dollars) (5),x,x,..,..,x,x
Ontario,"Engineer officers, water transport [2274] ",Average offered hourly wage (dollars) (5),x,x,..,x,x,..
Ontario,Railway traffic controllers and marine traffic regulators [2275] ,Average offered hourly wage (dollars) (5),..,..,..,..,..,..
Ontario,Technical occupations in computer and information systems [228] ,Average offered hourly wage (dollars) (5),25.30,24.85,23.80,24.70,23.35,22.95
Ontario,Computer network technicians [2281] ,Average offered hourly wage (dollars) (5),28.00,27.55,27.50,27.95,30.05,26.25
Ontario,User support technicians [2282] ,Average offered hourly wage (dollars) (5),22.55,22.70,21.30,23.35,22.20,21.10
Ontario,Information systems testing technicians [2283] ,Average offered hourly wage (dollars) (5),36.55,30.05,32.50,23.45,21.10,29.25
Ontario,Health occupations [3] ,Average offered hourly wage (dollars) (5),26.05,27.05,27.25,26.35,27.85,27.15
Ontario,Professional occupations in nursing [30] ,Average offered hourly wage (dollars) (5),32.65,32.50,31.90,33.20,32.00,32.25
Ontario,Professional occupations in nursing [301] ,Average offered hourly wage (dollars) (5),32.65,32.50,31.90,33.20,32.00,32.25
Ontario,Nursing co-ordinators and supervisors [3011] ,Average offered hourly wage (dollars) (5),33.70,33.50,35.60,34.40,38.10,33.80
Ontario,Registered nurses and registered psychiatric nurses [3012] ,Average offered hourly wage (dollars) (5),32.60,32.50,31.60,33.15,31.80,32.20
Ontario,Professional occupations in health (except nursing) [31] ,Average offered hourly wage (dollars) (5),39.05,45.95,46.25,41.10,42.60,44.85
Ontario,"Physicians, dentists and veterinarians [311] ",Average offered hourly wage (dollars) (5),60.90,68.80,63.95,50.45,54.45,58.70
Ontario,Specialist physicians [3111] ,Average offered hourly wage (dollars) (5),x,35.95,33.60,32.20,44.80,43.50
Ontario,General practitioners and family physicians [3112] ,Average offered hourly wage (dollars) (5),104.45,93.45,85.50,90.70,x,130.10
Ontario,Dentists [3113] ,Average offered hourly wage (dollars) (5),..,F,F,x,x,F
Ontario,Veterinarians [3114] ,Average offered hourly wage (dollars) (5),x,27.65,36.25,x,40.60,35.30
Ontario,"Optometrists, chiropractors and other health diagnosing and treating professionals [312] ",Average offered hourly wage (dollars) (5),30.65,42.35,39.25,38.70,41.00,42.95
Ontario,Optometrists [3121] ,Average offered hourly wage (dollars) (5),..,..,..,..,..,..
Ontario,Chiropractors [3122] ,Average offered hourly wage (dollars) (5),..,x,..,..,..,..
Ontario,Allied primary health practitioners [3124] ,Average offered hourly wage (dollars) (5),32.15,47.30,41.00,x,41.00,45.40
Ontario,Other professional occupations in health diagnosing and treating [3125] ,Average offered hourly wage (dollars) (5),27.00,x,F,x,..,F
Ontario,"Pharmacists, dietitians and nutritionists [313] ",Average offered hourly wage (dollars) (5),38.35,39.55,39.95,39.20,37.50,39.90
Ontario,Pharmacists [3131] ,Average offered hourly wage (dollars) (5),39.45,40.00,44.35,39.90,38.25,42.55
Ontario,Dietitians and nutritionists [3132] ,Average offered hourly wage (dollars) (5),29.60,33.80,27.05,38.70,33.40,31.45
Ontario,Therapy and assessment professionals [314] ,Average offered hourly wage (dollars) (5),35.70,31.65,32.40,31.35,34.75,34.65
Ontario,Audiologists and speech-language pathologists [3141] ,Average offered hourly wage (dollars) (5),36.40,37.60,33.60,35.95,37.15,33.15
Ontario,Physiotherapists [3142] ,Average offered hourly wage (dollars) (5),37.65,34.05,33.35,35.00,34.70,36.20
Ontario,Occupational therapists [3143] ,Average offered hourly wage (dollars) (5),36.20,31.50,33.05,32.60,38.25,34.30
Ontario,Other professional occupations in therapy and assessment [3144] ,Average offered hourly wage (dollars) (5),F,21.95,28.90,20.70,24.60,26.20
Ontario,Technical occupations in health [32] ,Average offered hourly wage (dollars) (5),24.70,24.30,24.25,23.85,24.85,24.95
Ontario,Medical technologists and technicians (except dental health) [321] ,Average offered hourly wage (dollars) (5),22.45,22.85,22.50,22.00,22.65,22.25
Ontario,Medical laboratory technologists [3211] ,Average offered hourly wage (dollars) (5),31.00,26.45,27.80,29.65,28.85,26.20
Ontario,Medical laboratory technicians and pathologists' assistants [3212] ,Average offered hourly wage (dollars) (5),21.60,21.60,23.85,21.30,25.85,21.60
Ontario,Animal health technologists and veterinary technicians [3213] ,Average offered hourly wage (dollars) (5),15.95,16.75,14.95,17.55,15.45,16.20
Ontario,"Respiratory therapists, clinical perfusionists and cardiopulmonary technologists [3214] ",Average offered hourly wage (dollars) (5),32.35,32.85,28.65,35.95,31.15,37.50
Ontario,Medical radiation technologists [3215] ,Average offered hourly wage (dollars) (5),31.95,31.30,30.85,31.35,31.35,30.65
Ontario,Medical sonographers [3216] ,Average offered hourly wage (dollars) (5),31.80,31.45,33.70,34.50,29.45,30.35
Ontario,"Cardiology technologists and electrophysiological diagnostic technologists, not elsewhere classified (n.e.c.) [3217] ",Average offered hourly wage (dollars) (5),29.70,29.65,23.55,28.65,25.65,21.30
Ontario,Other medical technologists and technicians (except dental health) [3219] ,Average offered hourly wage (dollars) (5),18.95,18.65,18.05,17.40,19.80,18.95
Ontario,Technical occupations in dental health care [322] ,Average offered hourly wage (dollars) (5),24.85,19.00,27.30,25.10,27.20,28.25
Ontario,Denturists [3221] ,Average offered hourly wage (dollars) (5),x,F,F,F,F,F
Ontario,Dental hygienists and dental therapists [3222] ,Average offered hourly wage (dollars) (5),x,27.40,32.65,35.95,32.25,31.80
Ontario,"Dental technologists, technicians and laboratory assistants [3223] ",Average offered hourly wage (dollars) (5),..,F,F,F,F,F
Ontario,Other technical occupations in health care [323] ,Average offered hourly wage (dollars) (5),27.00,26.45,25.40,25.30,26.60,26.80
Ontario,Opticians [3231] ,Average offered hourly wage (dollars) (5),x,x,F,22.00,F,x
Ontario,Practitioners of natural healing [3232] ,Average offered hourly wage (dollars) (5),..,..,..,..,..,x
Ontario,Licensed practical nurses [3233] ,Average offered hourly wage (dollars) (5),26.15,26.50,25.95,26.40,26.60,26.40
Ontario,Paramedical occupations [3234] ,Average offered hourly wage (dollars) (5),34.30,34.75,26.85,x,F,31.25
Ontario,Massage therapists [3236] ,Average offered hourly wage (dollars) (5),F,22.20,27.50,21.70,x,33.20
Ontario,Other technical occupations in therapy and assessment [3237] ,Average offered hourly wage (dollars) (5),x,x,17.10,x,x,18.70
Ontario,Assisting occupations in support of health services [34] ,Average offered hourly wage (dollars) (5),17.00,17.95,17.65,18.20,18.50,18.45
Ontario,Assisting occupations in support of health services [341] ,Average offered hourly wage (dollars) (5),17.00,17.95,17.65,18.20,18.50,18.45
Ontario,Dental assistants [3411] ,Average offered hourly wage (dollars) (5),17.30,17.55,17.70,18.40,17.45,18.05
Ontario,"Nurse aides, orderlies and patient service associates [3413] ",Average offered hourly wage (dollars) (5),17.00,18.05,17.60,18.10,18.70,18.80
Ontario,Other assisting occupations in support of health services [3414] ,Average offered hourly wage (dollars) (5),16.65,17.25,17.80,18.90,18.05,16.85
Ontario,"Occupations in education, law and social, community and government services [4] ",Average offered hourly wage (dollars) (5),23.60,23.20,25.25,26.15,24.05,24.40
Ontario,Professional occupations in education services [40] ,Average offered hourly wage (dollars) (5),30.90,27.70,29.70,33.45,32.35,36.70
Ontario,University professors and post-secondary assistants [401] ,Average offered hourly wage (dollars) (5),35.60,43.45,42.60,43.15,38.75,37.85
Ontario,University professors and lecturers [4011] ,Average offered hourly wage (dollars) (5),43.95,44.70,43.20,46.80,F,41.65
Ontario,Post-secondary teaching and research assistants [4012] ,Average offered hourly wage (dollars) (5),15.40,26.40,30.95,24.70,27.05,25.75
Ontario,College and other vocational instructors [402] ,Average offered hourly wage (dollars) (5),26.20,26.25,30.55,33.70,35.95,40.45
Ontario,College and other vocational instructors [4021] ,Average offered hourly wage (dollars) (5),26.20,26.25,30.55,33.70,35.95,40.45
Ontario,Secondary and elementary school teachers and educational counsellors [403] ,Average offered hourly wage (dollars) (5),31.70,23.40,F,24.10,28.40,33.95
Ontario,Secondary school teachers [4031] ,Average offered hourly wage (dollars) (5),F,F,F,F,F,F
Ontario,Elementary school and kindergarten teachers [4032] ,Average offered hourly wage (dollars) (5),F,F,F,F,F,F
Ontario,Educational counsellors [4033] ,Average offered hourly wage (dollars) (5),F,F,F,F,F,F
Ontario,"Professional occupations in law and social, community and government services [41] ",Average offered hourly wage (dollars) (5),31.20,27.75,32.85,32.35,34.20,29.75
Ontario,"Judges, lawyers and Quebec notaries [411] ",Average offered hourly wage (dollars) (5),42.05,49.65,54.55,40.35,49.70,45.00
Ontario,Judges [4111] ,Average offered hourly wage (dollars) (5),..,..,..,..,..,..
Ontario,Lawyers and Quebec notaries [4112] ,Average offered hourly wage (dollars) (5),42.05,49.65,54.55,40.35,49.70,45.00
Ontario,Social and community service professionals [415] ,Average offered hourly wage (dollars) (5),27.90,26.55,30.60,28.25,32.20,27.30
Ontario,Psychologists [4151] ,Average offered hourly wage (dollars) (5),36.60,39.85,49.20,46.20,41.90,38.20
Ontario,Social workers [4152] ,Average offered hourly wage (dollars) (5),30.00,27.05,34.00,29.65,33.35,29.10
Ontario,"Family, marriage and other related counsellors [4153] ",Average offered hourly wage (dollars) (5),26.75,25.00,25.80,24.95,29.90,24.30
Ontario,Professional occupations in religion [4154] ,Average offered hourly wage (dollars) (5),x,x,x,x,..,..
Ontario,Probation and parole officers and related occupations [4155] ,Average offered hourly wage (dollars) (5),x,..,..,..,x,..
Ontario,Employment counsellors [4156] ,Average offered hourly wage (dollars) (5),22.10,x,x,x,x,17.70
Ontario,"Policy and program researchers, consultants and officers [416] ",Average offered hourly wage (dollars) (5),29.60,25.95,30.35,32.05,31.50,27.20
Ontario,"Natural and applied science policy researchers, consultants and program officers [4161] ",Average offered hourly wage (dollars) (5),31.35,23.45,32.30,26.90,x,33.55
Ontario,Economists and economic policy researchers and analysts [4162] ,Average offered hourly wage (dollars) (5),36.30,31.30,26.65,33.85,34.60,32.10
Ontario,Business development officers and marketing researchers and consultants [4163] ,Average offered hourly wage (dollars) (5),29.15,27.85,35.85,34.65,32.00,27.90
Ontario,"Social policy researchers, consultants and program officers [4164] ",Average offered hourly wage (dollars) (5),30.80,28.65,30.20,28.50,31.65,27.20
Ontario,"Health policy researchers, consultants and program officers [4165] ",Average offered hourly wage (dollars) (5),28.05,27.70,32.40,32.40,33.65,31.60
Ontario,"Education policy researchers, consultants and program officers [4166] ",Average offered hourly wage (dollars) (5),18.80,28.75,24.65,26.60,30.30,29.00
Ontario,"Recreation, sports and fitness policy researchers, consultants and program officers [4167] ",Average offered hourly wage (dollars) (5),19.45,14.60,17.65,22.30,21.30,14.30
Ontario,Program officers unique to government [4168] ,Average offered hourly wage (dollars) (5),x,x,x,..,x,x
Ontario,"Other professional occupations in social science, not elsewhere classified (n.e.c.) [4169] ",Average offered hourly wage (dollars) (5),x,x,x,16.45,x,x
Ontario,"Paraprofessional occupations in legal, social, community and education services [42] ",Average offered hourly wage (dollars) (5),17.60,17.55,19.00,18.35,17.90,18.30
Ontario,"Paraprofessional occupations in legal, social, community and education services [421] ",Average offered hourly wage (dollars) (5),17.60,17.55,19.00,18.35,17.90,18.30
Ontario,Paralegal and related occupations [4211] ,Average offered hourly wage (dollars) (5),19.70,26.20,27.75,25.35,23.15,23.35
Ontario,Social and community service workers [4212] ,Average offered hourly wage (dollars) (5),19.30,18.10,19.15,18.50,17.95,18.45
Ontario,Early childhood educators and assistants [4214] ,Average offered hourly wage (dollars) (5),14.50,14.75,17.40,15.55,15.30,16.20
Ontario,Instructors of persons with disabilities [4215] ,Average offered hourly wage (dollars) (5),x,x,20.05,x,18.35,16.75
Ontario,Other instructors [4216] ,Average offered hourly wage (dollars) (5),15.95,13.30,x,14.70,x,18.95
Ontario,Other religious occupations [4217] ,Average offered hourly wage (dollars) (5),x,x,x,x,x,..
Ontario,Occupations in front-line public protection services [43] ,Average offered hourly wage (dollars) (5),30.10,35.75,29.75,35.95,29.70,27.80
Ontario,Occupations in front-line public protection services [431] ,Average offered hourly wage (dollars) (5),30.10,35.75,29.75,35.95,29.70,27.80
Ontario,Police officers (except commissioned) [4311] ,Average offered hourly wage (dollars) (5),F,x,F,28.20,x,26.45
Ontario,Firefighters [4312] ,Average offered hourly wage (dollars) (5),x,x,29.15,41.75,x,28.05
Ontario,Non-commissioned ranks of the Canadian Armed Forces [4313] ,Average offered hourly wage (dollars) (5),x,..,..,..,..,F
Ontario,"Care providers and educational, legal and public protection support occupations [44] ",Average offered hourly wage (dollars) (5),16.45,16.35,17.65,16.70,16.05,15.90
Ontario,Home care providers and educational support occupations [441] ,Average offered hourly wage (dollars) (5),16.15,15.90,17.05,16.30,15.80,15.85
Ontario,Home child care providers [4411] ,Average offered hourly wage (dollars) (5),12.05,F,F,F,x,F
Ontario,"Home support workers, housekeepers and related occupations [4412] ",Average offered hourly wage (dollars) (5),15.95,15.55,16.35,15.60,14.85,15.15
Ontario,Elementary and secondary school teacher assistants [4413] ,Average offered hourly wage (dollars) (5),17.70,17.45,18.55,18.40,x,18.55
Ontario,Legal and public protection support occupations [442] ,Average offered hourly wage (dollars) (5),23.15,23.70,29.35,23.25,23.40,18.00
Ontario,Sheriffs and bailiffs [4421] ,Average offered hourly wage (dollars) (5),..,..,..,..,..,..
Ontario,Correctional service officers [4422] ,Average offered hourly wage (dollars) (5),..,..,..,..,..,x
Ontario,"By-law enforcement and other regulatory officers, not elsewhere classified (n.e.c.) [4423] ",Average offered hourly wage (dollars) (5),23.15,23.70,29.35,23.25,23.40,x
Ontario,"Occupations in art, culture, recreation and sport [5] ",Average offered hourly wage (dollars) (5),18.60,17.15,19.95,17.65,16.35,17.95
Ontario,Professional occupations in art and culture [51] ,Average offered hourly wage (dollars) (5),28.00,24.80,23.75,26.25,21.85,27.90
Ontario,"Librarians, archivists, conservators and curators [511] ",Average offered hourly wage (dollars) (5),26.80,23.90,27.30,30.20,20.20,17.70
Ontario,Librarians [5111] ,Average offered hourly wage (dollars) (5),x,27.20,30.60,x,26.15,31.30
Ontario,Conservators and curators [5112] ,Average offered hourly wage (dollars) (5),x,x,x,x,F,x
Ontario,Archivists [5113] ,Average offered hourly wage (dollars) (5),x,x,x,x,..,x
Ontario,"Writing, translating and related communications professionals [512] ",Average offered hourly wage (dollars) (5),25.25,25.15,25.65,25.60,24.40,28.70
Ontario,Authors and writers [5121] ,Average offered hourly wage (dollars) (5),28.00,29.15,26.70,28.55,29.00,x
Ontario,Editors [5122] ,Average offered hourly wage (dollars) (5),22.35,21.55,23.30,25.75,x,23.15
Ontario,Journalists [5123] ,Average offered hourly wage (dollars) (5),24.95,23.60,21.75,19.00,x,x
Ontario,"Translators, terminologists and interpreters [5125] ",Average offered hourly wage (dollars) (5),22.25,28.00,25.90,23.70,26.75,x
Ontario,Creative and performing artists [513] ,Average offered hourly wage (dollars) (5),32.15,24.65,22.25,25.30,20.75,30.30
Ontario,"Producers, directors, choreographers and related occupations [5131] ",Average offered hourly wage (dollars) (5),37.20,x,32.65,x,24.10,x
Ontario,"Conductors, composers and arrangers [5132] ",Average offered hourly wage (dollars) (5),..,..,..,..,..,..
Ontario,Musicians and singers [5133] ,Average offered hourly wage (dollars) (5),x,x,F,x,F,x
Ontario,Dancers [5134] ,Average offered hourly wage (dollars) (5),F,23.85,19.75,F,23.15,28.60
Ontario,Actors and comedians [5135] ,Average offered hourly wage (dollars) (5),x,..,..,..,..,..
Ontario,"Painters, sculptors and other visual artists [5136] ",Average offered hourly wage (dollars) (5),x,F,15.00,..,F,x
Ontario,"Technical occupations in art, culture, recreation and sport [52] ",Average offered hourly wage (dollars) (5),17.25,16.30,18.50,16.40,15.55,16.60
Ontario,"Technical occupations in libraries, public archives, museums and art galleries [521] ",Average offered hourly wage (dollars) (5),16.50,16.70,20.05,21.20,19.50,17.15
Ontario,Library and public archive technicians [5211] ,Average offered hourly wage (dollars) (5),x,17.25,22.80,27.45,23.20,16.00
Ontario,Technical occupations related to museums and art galleries [5212] ,Average offered hourly wage (dollars) (5),x,16.55,F,18.75,16.10,17.30
Ontario,"Photographers, graphic arts technicians and technical and co-ordinating occupations in motion pictures, broadcasting and the performing arts [522] ",Average offered hourly wage (dollars) (5),21.35,21.00,22.15,19.40,25.75,19.10
Ontario,Photographers [5221] ,Average offered hourly wage (dollars) (5),21.00,x,F,F,x,16.30
Ontario,Film and video camera operators [5222] ,Average offered hourly wage (dollars) (5),..,x,F,x,x,x
Ontario,Graphic arts technicians [5223] ,Average offered hourly wage (dollars) (5),21.85,16.95,x,19.40,x,x
Ontario,Broadcast technicians [5224] ,Average offered hourly wage (dollars) (5),x,36.80,x,x,x,31.05
Ontario,Audio and video recording technicians [5225] ,Average offered hourly wage (dollars) (5),x,16.95,25.00,x,22.00,x
Ontario,"Other technical and co-ordinating occupations in motion pictures, broadcasting and the performing arts [5226] ",Average offered hourly wage (dollars) (5),20.85,x,x,x,F,x
Ontario,"Support occupations in motion pictures, broadcasting, photography and the performing arts [5227] ",Average offered hourly wage (dollars) (5),x,x,F,x,x,x
Ontario,"Announcers and other performers, not elsewhere classified (n.e.c.) [523] ",Average offered hourly wage (dollars) (5),15.00,17.60,23.90,14.50,14.75,21.05
Ontario,Announcers and other broadcasters [5231] ,Average offered hourly wage (dollars) (5),x,x,27.05,x,x,F
Ontario,"Other performers, not elsewhere classified (n.e.c.) [5232] ",Average offered hourly wage (dollars) (5),x,x,F,x,x,14.45
Ontario,Creative designers and craftspersons [524] ,Average offered hourly wage (dollars) (5),19.25,22.40,20.90,17.95,21.25,22.90
Ontario,Graphic designers and illustrators [5241] ,Average offered hourly wage (dollars) (5),20.95,24.15,21.95,28.45,26.70,24.80
Ontario,Interior designers and interior decorators [5242] ,Average offered hourly wage (dollars) (5),17.05,21.15,19.95,x,19.80,x
Ontario,"Theatre, fashion, exhibit and other creative designers [5243] ",Average offered hourly wage (dollars) (5),15.65,18.70,19.75,14.10,17.05,x
Ontario,Artisans and craftspersons [5244] ,Average offered hourly wage (dollars) (5),F,13.45,x,11.45,14.35,x
Ontario,"Patternmakers - textile, leather and fur products [5245] ",Average offered hourly wage (dollars) (5),..,..,x,x,..,x
Ontario,"Athletes, coaches, referees and related occupations [525] ",Average offered hourly wage (dollars) (5),15.70,13.40,15.60,14.45,13.25,14.80
Ontario,Athletes [5251] ,Average offered hourly wage (dollars) (5),..,..,..,x,..,..
Ontario,Coaches [5252] ,Average offered hourly wage (dollars) (5),16.80,x,15.50,15.65,16.65,16.15
Ontario,Sports officials and referees [5253] ,Average offered hourly wage (dollars) (5),..,x,..,x,F,F
Ontario,"Program leaders and instructors in recreation, sport and fitness [5254] ",Average offered hourly wage (dollars) (5),15.65,13.25,15.60,14.40,13.00,14.70
Ontario,Sales and service occupations [6] ,Average offered hourly wage (dollars) (5),13.55,13.15,13.35,13.50,13.80,13.45
Ontario,Retail sales supervisors and specialized sales occupations [62] ,Average offered hourly wage (dollars) (5),22.15,22.20,22.10,22.05,20.15,23.05
Ontario,Retail sales supervisors [621] ,Average offered hourly wage (dollars) (5),13.90,15.20,13.55,13.50,13.55,13.20
Ontario,Retail sales supervisors [6211] ,Average offered hourly wage (dollars) (5),13.90,15.20,13.55,13.50,13.55,13.20
Ontario,Technical sales specialists in wholesale trade and retail and wholesale buyers [622] ,Average offered hourly wage (dollars) (5),24.55,26.60,24.35,25.10,21.30,26.05
Ontario,Technical sales specialists - wholesale trade [6221] ,Average offered hourly wage (dollars) (5),25.75,27.35,26.65,27.35,22.25,26.50
Ontario,Retail and wholesale buyers [6222] ,Average offered hourly wage (dollars) (5),15.95,15.60,15.05,14.85,15.45,18.65
Ontario,"Insurance, real estate and financial sales occupations [623] ",Average offered hourly wage (dollars) (5),22.00,21.30,22.95,23.40,23.50,22.05
Ontario,Insurance agents and brokers [6231] ,Average offered hourly wage (dollars) (5),x,20.00,20.35,x,23.90,x
Ontario,Real estate agents and salespersons [6232] ,Average offered hourly wage (dollars) (5),x,21.20,F,x,23.40,x
Ontario,Financial sales representatives [6235] ,Average offered hourly wage (dollars) (5),27.90,23.50,24.50,22.95,23.05,21.25
Ontario,Service supervisors and specialized service occupations [63] ,Average offered hourly wage (dollars) (5),13.80,13.80,13.55,14.15,14.65,13.90
Ontario,Service supervisors [631] ,Average offered hourly wage (dollars) (5),16.55,19.30,15.30,18.00,17.75,17.85
Ontario,Food service supervisors [6311] ,Average offered hourly wage (dollars) (5),15.05,13.80,13.45,13.45,13.95,x
Ontario,Executive housekeepers [6312] ,Average offered hourly wage (dollars) (5),x,x,x,x,x,x
Ontario,"Accommodation, travel, tourism and related services supervisors [6313] ",Average offered hourly wage (dollars) (5),x,x,x,x,x,x
Ontario,Customer and information services supervisors [6314] ,Average offered hourly wage (dollars) (5),24.65,26.40,21.80,22.40,x,x
Ontario,Cleaning supervisors [6315] ,Average offered hourly wage (dollars) (5),x,24.00,x,26.35,x,22.45
Ontario,Other services supervisors [6316] ,Average offered hourly wage (dollars) (5),x,19.60,x,19.00,x,16.25
Ontario,Chefs and cooks [632] ,Average offered hourly wage (dollars) (5),13.25,13.05,13.35,13.55,14.30,13.30
Ontario,Chefs [6321] ,Average offered hourly wage (dollars) (5),16.75,16.40,17.60,16.35,23.15,16.85
Ontario,Cooks [6322] ,Average offered hourly wage (dollars) (5),12.55,12.70,12.60,13.05,13.00,12.95
Ontario,Butchers and bakers [633] ,Average offered hourly wage (dollars) (5),13.00,15.20,12.65,13.20,13.30,12.90
Ontario,"Butchers, meat cutters and fishmongers - retail and wholesale [6331] ",Average offered hourly wage (dollars) (5),x,14.85,13.90,14.10,15.85,14.10
Ontario,Bakers [6332] ,Average offered hourly wage (dollars) (5),x,15.50,12.10,12.35,12.40,12.75
Ontario,Specialized occupations in personal and customer services [634] ,Average offered hourly wage (dollars) (5),13.15,13.10,13.15,13.25,14.25,13.80
Ontario,Hairstylists and barbers [6341] ,Average offered hourly wage (dollars) (5),12.50,12.70,12.65,12.85,14.15,13.60
Ontario,"Tailors, dressmakers, furriers and milliners [6342] ",Average offered hourly wage (dollars) (5),x,F,F,F,F,12.05
Ontario,Shoe repairers and shoemakers [6343] ,Average offered hourly wage (dollars) (5),..,..,..,..,F,..
Ontario,"Jewellers, jewellery and watch repairers and related occupations [6344] ",Average offered hourly wage (dollars) (5),x,..,F,F,F,..
Ontario,Upholsterers [6345] ,Average offered hourly wage (dollars) (5),x,16.35,18.20,15.55,F,23.35
Ontario,Funeral directors and embalmers [6346] ,Average offered hourly wage (dollars) (5),20.50,F,F,20.35,F,F
Ontario,Sales representatives and salespersons - wholesale and retail trade [64] ,Average offered hourly wage (dollars) (5),14.20,12.95,13.30,13.35,14.70,13.95
Ontario,Sales and account representatives - wholesale trade (non-technical) [641] ,Average offered hourly wage (dollars) (5),21.20,x,20.55,21.40,20.85,20.10
Ontario,Sales and account representatives - wholesale trade (non-technical) [6411] ,Average offered hourly wage (dollars) (5),21.20,x,20.55,21.40,20.85,20.10
Ontario,Retail salespersons [642] ,Average offered hourly wage (dollars) (5),12.25,x,11.95,12.20,13.55,12.45
Ontario,Retail salespersons [6421] ,Average offered hourly wage (dollars) (5),12.25,x,11.95,12.20,13.55,12.45
Ontario,Service representatives and other customer and personal services occupations [65] ,Average offered hourly wage (dollars) (5),13.15,12.95,13.40,13.45,13.15,12.85
Ontario,Occupations in food and beverage service [651] ,Average offered hourly wage (dollars) (5),10.60,10.70,10.90,11.05,10.85,10.80
Ontario,Matres d'htel and hosts/hostesses [6511] ,Average offered hourly wage (dollars) (5),11.30,11.60,11.60,12.05,11.55,11.70
Ontario,Bartenders [6512] ,Average offered hourly wage (dollars) (5),10.60,10.80,11.15,10.65,10.55,11.15
Ontario,Food and beverage servers [6513] ,Average offered hourly wage (dollars) (5),10.45,10.60,10.75,11.00,10.75,10.60
Ontario,Occupations in travel and accommodation [652] ,Average offered hourly wage (dollars) (5),14.60,13.20,15.15,14.05,15.00,14.50
Ontario,Travel counsellors [6521] ,Average offered hourly wage (dollars) (5),16.35,13.00,x,x,x,15.25
Ontario,Pursers and flight attendants [6522] ,Average offered hourly wage (dollars) (5),x,..,x,..,x,x
Ontario,Airline ticket and service agents [6523] ,Average offered hourly wage (dollars) (5),x,F,x,x,x,13.25
Ontario,"Ground and water transport ticket agents, cargo service representatives and related clerks [6524] ",Average offered hourly wage (dollars) (5),x,15.25,x,..,x,x
Ontario,Hotel front desk clerks [6525] ,Average offered hourly wage (dollars) (5),12.80,13.00,x,13.35,13.00,14.20
Ontario,Tourism and amusement services occupations [653] ,Average offered hourly wage (dollars) (5),14.00,12.50,12.65,14.20,13.60,12.80
Ontario,Tour and travel guides [6531] ,Average offered hourly wage (dollars) (5),x,F,x,F,x,F
Ontario,Outdoor sport and recreational guides [6532] ,Average offered hourly wage (dollars) (5),x,F,x,F,x,F
Ontario,Casino occupations [6533] ,Average offered hourly wage (dollars) (5),x,12.30,x,14.25,x,12.90
Ontario,Security guards and related security service occupations [654] ,Average offered hourly wage (dollars) (5),12.30,13.25,12.60,12.80,12.35,12.75
Ontario,Security guards and related security service occupations [6541] ,Average offered hourly wage (dollars) (5),12.30,13.25,12.60,12.80,12.35,12.75
Ontario,Customer and information services representatives [655] ,Average offered hourly wage (dollars) (5),14.80,15.00,15.30,15.10,15.15,15.45
Ontario,Customer services representatives - financial institutions [6551] ,Average offered hourly wage (dollars) (5),18.00,16.65,17.25,17.90,15.90,16.50
Ontario,Other customer and information services representatives [6552] ,Average offered hourly wage (dollars) (5),14.10,14.50,14.75,14.50,15.05,15.05
Ontario,Other occupations in personal service [656] ,Average offered hourly wage (dollars) (5),12.15,12.15,12.15,12.20,12.40,12.45
Ontario,"Image, social and other personal consultants [6561] ",Average offered hourly wage (dollars) (5),x,..,F,x,x,x
Ontario,"Estheticians, electrologists and related occupations [6562] ",Average offered hourly wage (dollars) (5),12.25,12.15,12.40,12.05,12.60,12.60
Ontario,Pet groomers and animal care workers [6563] ,Average offered hourly wage (dollars) (5),x,x,11.65,x,x,x
Ontario,Other personal service occupations [6564] ,Average offered hourly wage (dollars) (5),..,x,..,..,x,..
Ontario,Sales support occupations [66] ,Average offered hourly wage (dollars) (5),11.60,11.70,11.55,11.70,11.80,11.85
Ontario,Cashiers [661] ,Average offered hourly wage (dollars) (5),11.30,11.30,11.40,11.45,11.55,11.55
Ontario,Cashiers [6611] ,Average offered hourly wage (dollars) (5),11.30,11.30,11.40,11.45,11.55,11.55
Ontario,Other sales support and related occupations [662] ,Average offered hourly wage (dollars) (5),11.85,11.95,11.80,12.00,12.00,12.10
Ontario,Service station attendants [6621] ,Average offered hourly wage (dollars) (5),11.35,11.50,11.25,11.75,12.05,12.20
Ontario,"Store shelf stockers, clerks and order fillers [6622] ",Average offered hourly wage (dollars) (5),11.60,11.75,11.50,11.75,11.55,12.00
Ontario,Other sales related occupations [6623] ,Average offered hourly wage (dollars) (5),13.95,13.10,16.10,14.25,14.25,13.55
Ontario,"Service support and other service occupations, not elsewhere classified (n.e.c.) [67] ",Average offered hourly wage (dollars) (5),12.20,12.15,12.40,12.70,12.60,12.40
Ontario,"Food counter attendants, kitchen helpers and related support occupations [671] ",Average offered hourly wage (dollars) (5),11.60,11.50,11.60,11.80,11.80,11.70
Ontario,"Food counter attendants, kitchen helpers and related support occupations [6711] ",Average offered hourly wage (dollars) (5),11.60,11.50,11.60,11.80,11.80,11.70
Ontario,"Support occupations in accommodation, travel and amusement services [672] ",Average offered hourly wage (dollars) (5),x,12.05,12.15,13.45,x,12.60
Ontario,"Support occupations in accommodation, travel and facilities set-up services [6721] ",Average offered hourly wage (dollars) (5),x,12.70,F,12.75,x,14.25
Ontario,"Operators and attendants in amusement, recreation and sport [6722] ",Average offered hourly wage (dollars) (5),x,11.95,11.65,13.55,x,12.50
Ontario,Cleaners [673] ,Average offered hourly wage (dollars) (5),x,13.70,14.50,14.95,14.65,14.45
Ontario,Light duty cleaners [6731] ,Average offered hourly wage (dollars) (5),x,13.15,13.70,13.50,13.80,14.35
Ontario,Specialized cleaners [6732] ,Average offered hourly wage (dollars) (5),x,13.30,13.90,13.65,14.50,14.45
Ontario,"Janitors, caretakers and building superintendents [6733] ",Average offered hourly wage (dollars) (5),15.65,14.60,16.65,16.85,15.55,14.65
Ontario,"Other service support and related occupations, not elsewhere classified (n.e.c.) [674] ",Average offered hourly wage (dollars) (5),x,12.15,12.30,12.15,x,11.95
Ontario,"Dry cleaning, laundry and related occupations [6741] ",Average offered hourly wage (dollars) (5),x,12.45,12.45,13.85,x,12.55
Ontario,"Other service support occupations, not elsewhere classified (n.e.c.) [6742] ",Average offered hourly wage (dollars) (5),x,11.95,12.20,12.00,x,11.85
Ontario,"Trades, transport and equipment operators and related occupations [7] ",Average offered hourly wage (dollars) (5),19.35,24.15,21.85,22.00,22.45,19.40
Ontario,"Industrial, electrical and construction trades [72] ",Average offered hourly wage (dollars) (5),21.75,31.60,29.05,29.20,29.50,23.60
Ontario,"Contractors and supervisors, industrial, electrical and construction trades and related workers [720] ",Average offered hourly wage (dollars) (5),22.25,28.35,25.70,25.40,25.55,29.50
Ontario,"Contractors and supervisors, machining, metal forming, shaping and erecting trades and related occupations [7201] ",Average offered hourly wage (dollars) (5),25.65,27.30,x,22.30,24.50,x
Ontario,"Contractors and supervisors, electrical trades and telecommunications occupations [7202] ",Average offered hourly wage (dollars) (5),x,31.20,34.00,40.45,29.50,41.95
Ontario,"Contractors and supervisors, pipefitting trades [7203] ",Average offered hourly wage (dollars) (5),..,..,x,..,F,F
Ontario,"Contractors and supervisors, carpentry trades [7204] ",Average offered hourly wage (dollars) (5),x,F,21.80,F,F,x
Ontario,"Contractors and supervisors, other construction trades, installers, repairers and servicers [7205] ",Average offered hourly wage (dollars) (5),18.85,29.55,25.50,24.20,30.65,27.30
Ontario,"Machining, metal forming, shaping and erecting trades [723] ",Average offered hourly wage (dollars) (5),18.45,20.15,22.85,21.60,20.90,21.50
Ontario,Machinists and machining and tooling inspectors [7231] ,Average offered hourly wage (dollars) (5),17.85,18.75,21.95,20.70,21.60,22.05
Ontario,Tool and die makers [7232] ,Average offered hourly wage (dollars) (5),x,20.85,26.15,21.85,22.80,22.15
Ontario,Sheet metal workers [7233] ,Average offered hourly wage (dollars) (5),x,x,32.60,34.95,21.80,x
Ontario,Boilermakers [7234] ,Average offered hourly wage (dollars) (5),..,x,..,..,F,..
Ontario,Structural metal and platework fabricators and fitters [7235] ,Average offered hourly wage (dollars) (5),x,17.20,x,x,21.70,18.65
Ontario,Ironworkers [7236] ,Average offered hourly wage (dollars) (5),F,x,x,x,..,x
Ontario,Welders and related machine operators [7237] ,Average offered hourly wage (dollars) (5),19.40,21.35,20.55,19.80,19.95,20.55
Ontario,Electrical trades and electrical power line and telecommunications workers [724] ,Average offered hourly wage (dollars) (5),28.80,25.15,25.90,25.60,24.85,23.25
Ontario,Electricians (except industrial and power system) [7241] ,Average offered hourly wage (dollars) (5),31.55,24.75,27.90,25.10,23.05,23.10
Ontario,Industrial electricians [7242] ,Average offered hourly wage (dollars) (5),29.80,29.80,30.75,30.80,30.70,29.65
Ontario,Power system electricians [7243] ,Average offered hourly wage (dollars) (5),F,x,x,..,x,..
Ontario,Electrical power line and cable workers [7244] ,Average offered hourly wage (dollars) (5),24.85,20.75,x,29.30,40.85,28.10
Ontario,Telecommunications line and cable workers [7245] ,Average offered hourly wage (dollars) (5),F,27.25,25.70,16.95,x,17.15
Ontario,Telecommunications installation and repair workers [7246] ,Average offered hourly wage (dollars) (5),18.55,24.25,20.60,14.70,x,x
Ontario,Cable television service and maintenance technicians [7247] ,Average offered hourly wage (dollars) (5),..,x,F,..,x,x
Ontario,"Plumbers, pipefitters and gas fitters [725] ",Average offered hourly wage (dollars) (5),27.55,26.60,26.85,24.70,25.60,21.90
Ontario,Plumbers [7251] ,Average offered hourly wage (dollars) (5),28.35,26.75,27.45,23.55,26.85,23.05
Ontario,"Steamfitters, pipefitters and sprinkler system installers [7252] ",Average offered hourly wage (dollars) (5),x,x,x,x,x,x
Ontario,Gas fitters [7253] ,Average offered hourly wage (dollars) (5),x,x,x,x,x,x
Ontario,Carpenters and cabinetmakers [727] ,Average offered hourly wage (dollars) (5),20.95,20.30,19.80,21.95,20.60,20.55
Ontario,Carpenters [7271] ,Average offered hourly wage (dollars) (5),21.90,20.35,20.30,23.05,22.25,x
Ontario,Cabinetmakers [7272] ,Average offered hourly wage (dollars) (5),F,19.95,17.55,14.15,15.25,x
Ontario,Masonry and plastering trades [728] ,Average offered hourly wage (dollars) (5),27.55,58.25,37.45,36.95,38.35,32.10
Ontario,Bricklayers [7281] ,Average offered hourly wage (dollars) (5),F,F,38.55,37.75,38.55,x
Ontario,Concrete finishers [7282] ,Average offered hourly wage (dollars) (5),23.80,F,24.10,x,F,x
Ontario,Tilesetters [7283] ,Average offered hourly wage (dollars) (5),F,x,F,x,F,F
Ontario,"Plasterers, drywall installers and finishers and lathers [7284] ",Average offered hourly wage (dollars) (5),F,x,..,x,F,F
Ontario,Other construction trades [729] ,Average offered hourly wage (dollars) (5),18.45,20.40,20.75,21.60,22.05,20.60
Ontario,Roofers and shinglers [7291] ,Average offered hourly wage (dollars) (5),19.80,24.10,23.20,23.75,x,20.85
Ontario,Glaziers [7292] ,Average offered hourly wage (dollars) (5),x,x,x,F,F,x
Ontario,Insulators [7293] ,Average offered hourly wage (dollars) (5),x,x,x,F,..,x
Ontario,Painters and decorators (except interior decorators) [7294] ,Average offered hourly wage (dollars) (5),14.75,15.15,17.70,20.10,x,15.35
Ontario,Floor covering installers [7295] ,Average offered hourly wage (dollars) (5),..,F,x,..,..,F
Ontario,Maintenance and equipment operation trades [73] ,Average offered hourly wage (dollars) (5),24.25,23.10,23.00,24.10,24.35,22.80
Ontario,"Contractors and supervisors, maintenance trades and heavy equipment and transport operators [730] ",Average offered hourly wage (dollars) (5),24.50,26.10,25.55,28.05,32.45,28.60
Ontario,"Contractors and supervisors, mechanic trades [7301] ",Average offered hourly wage (dollars) (5),25.20,24.90,28.70,30.90,33.35,31.50
Ontario,"Contractors and supervisors, heavy equipment operator crews [7302] ",Average offered hourly wage (dollars) (5),23.65,27.30,24.65,29.70,35.90,27.70
Ontario,"Supervisors, printing and related occupations [7303] ",Average offered hourly wage (dollars) (5),..,x,..,26.05,F,x
Ontario,"Supervisors, railway transport operations [7304] ",Average offered hourly wage (dollars) (5),..,..,..,..,..,..
Ontario,"Supervisors, motor transport and other ground transit operators [7305] ",Average offered hourly wage (dollars) (5),25.65,x,21.95,F,22.55,x
Ontario,Machinery and transportation equipment mechanics (except motor vehicles) [731] ,Average offered hourly wage (dollars) (5),27.00,24.45,24.30,25.50,26.85,24.20
Ontario,Construction millwrights and industrial mechanics [7311] ,Average offered hourly wage (dollars) (5),27.90,24.95,26.85,25.85,28.00,25.45
Ontario,Heavy-duty equipment mechanics [7312] ,Average offered hourly wage (dollars) (5),22.15,26.85,24.40,25.30,27.10,25.95
Ontario,"Heating, refrigeration and air conditioning mechanics [7313] ",Average offered hourly wage (dollars) (5),x,21.85,19.60,25.10,x,x
Ontario,Railway carmen/women [7314] ,Average offered hourly wage (dollars) (5),..,..,..,x,..,x
Ontario,Aircraft mechanics and aircraft inspectors [7315] ,Average offered hourly wage (dollars) (5),27.20,20.20,20.55,23.80,21.00,21.50
Ontario,Machine fitters [7316] ,Average offered hourly wage (dollars) (5),x,F,F,x,x,22.55
Ontario,Elevator constructors and mechanics [7318] ,Average offered hourly wage (dollars) (5),x,..,..,x,x,x
Ontario,Automotive service technicians [732] ,Average offered hourly wage (dollars) (5),22.15,21.60,21.20,22.90,21.10,22.05
Ontario,"Automotive service technicians, truck and bus mechanics and mechanical repairers [7321] ",Average offered hourly wage (dollars) (5),22.00,21.70,20.60,23.80,20.85,21.75
Ontario,Motor vehicle body repairers [7322] ,Average offered hourly wage (dollars) (5),25.05,21.25,22.70,21.75,22.20,22.90
Ontario,Other mechanics and related repairers [733] ,Average offered hourly wage (dollars) (5),17.25,17.55,19.75,19.70,19.85,18.95
Ontario,Oil and solid fuel heating mechanics [7331] ,Average offered hourly wage (dollars) (5),..,x,x,x,x,..
Ontario,Appliance servicers and repairers [7332] ,Average offered hourly wage (dollars) (5),x,x,21.70,x,18.45,15.35
Ontario,Electrical mechanics [7333] ,Average offered hourly wage (dollars) (5),x,19.25,x,x,x,21.80
Ontario,"Motorcycle, all-terrain vehicle and other related mechanics [7334] ",Average offered hourly wage (dollars) (5),x,18.70,x,x,18.85,21.35
Ontario,Other small engine and small equipment repairers [7335] ,Average offered hourly wage (dollars) (5),x,15.05,F,x,x,F
Ontario,Train crew operating occupations [736] ,Average offered hourly wage (dollars) (5),x,..,..,x,x,x
Ontario,Railway and yard locomotive engineers [7361] ,Average offered hourly wage (dollars) (5),x,..,..,..,x,..
Ontario,Railway conductors and brakemen/women [7362] ,Average offered hourly wage (dollars) (5),..,..,..,x,..,x
Ontario,"Crane operators, drillers and blasters [737] ",Average offered hourly wage (dollars) (5),x,29.40,25.90,x,x,x
Ontario,Crane operators [7371] ,Average offered hourly wage (dollars) (5),F,F,26.35,22.15,F,x
Ontario,"Drillers and blasters - surface mining, quarrying and construction [7372] ",Average offered hourly wage (dollars) (5),x,F,F,x,x,x
Ontario,Water well drillers [7373] ,Average offered hourly wage (dollars) (5),x,..,..,..,x,..
Ontario,"Printing press operators and other trades and related occupations, not elsewhere classified (n.e.c.) [738] ",Average offered hourly wage (dollars) (5),19.70,18.95,20.25,16.85,x,x
Ontario,Printing press operators [7381] ,Average offered hourly wage (dollars) (5),19.65,16.25,22.95,17.60,x,18.65
Ontario,"Other trades and related occupations, not elsewhere classified (n.e.c.) [7384] ",Average offered hourly wage (dollars) (5),F,24.35,F,F,x,x
Ontario,"Other installers, repairers and servicers and material handlers [74] ",Average offered hourly wage (dollars) (5),14.75,14.80,14.40,14.80,14.55,14.75
Ontario,"Other installers, repairers and servicers [744] ",Average offered hourly wage (dollars) (5),16.95,16.60,16.40,16.95,16.60,16.70
Ontario,Residential and commercial installers and servicers [7441] ,Average offered hourly wage (dollars) (5),16.25,16.45,16.20,17.20,15.80,16.25
Ontario,Waterworks and gas maintenance workers [7442] ,Average offered hourly wage (dollars) (5),x,x,x,x,x,23.40
Ontario,Pest controllers and fumigators [7444] ,Average offered hourly wage (dollars) (5),x,x,x,x,x,16.35
Ontario,Other repairers and servicers [7445] ,Average offered hourly wage (dollars) (5),20.00,x,17.50,15.70,x,17.35
Ontario,Longshore workers and material handlers [745] ,Average offered hourly wage (dollars) (5),14.35,14.15,13.85,14.10,14.00,13.95
Ontario,Longshore workers [7451] ,Average offered hourly wage (dollars) (5),..,x,F,F,x,x
Ontario,Material handlers [7452] ,Average offered hourly wage (dollars) (5),14.35,x,13.75,14.10,x,x
Ontario,Transport and heavy equipment operation and related maintenance occupations [75] ,Average offered hourly wage (dollars) (5),17.65,18.05,18.35,18.15,18.30,17.95
Ontario,Motor vehicle and transit drivers [751] ,Average offered hourly wage (dollars) (5),17.60,18.40,18.45,18.05,18.45,18.10
Ontario,Transport truck drivers [7511] ,Average offered hourly wage (dollars) (5),20.05,19.45,19.65,19.80,19.75,20.15
Ontario,"Bus drivers, subway operators and other transit operators [7512] ",Average offered hourly wage (dollars) (5),14.20,14.90,15.05,14.75,15.15,14.10
Ontario,Taxi and limousine drivers and chauffeurs [7513] ,Average offered hourly wage (dollars) (5),F,12.55,12.65,12.05,15.30,12.80
Ontario,Delivery and courier service drivers [7514] ,Average offered hourly wage (dollars) (5),13.55,17.10,16.45,16.50,16.00,16.35
Ontario,Heavy equipment operators [752] ,Average offered hourly wage (dollars) (5),20.90,22.35,21.50,20.50,21.90,22.85
Ontario,Heavy equipment operators (except crane) [7521] ,Average offered hourly wage (dollars) (5),22.30,22.35,22.85,21.85,23.20,23.10
Ontario,Public works maintenance equipment operators and related workers [7522] ,Average offered hourly wage (dollars) (5),19.30,22.20,18.65,17.95,20.40,22.05
Ontario,Other transport equipment operators and related maintenance workers [753] ,Average offered hourly wage (dollars) (5),13.60,12.10,12.85,12.25,13.55,13.10
Ontario,Railway yard and track maintenance workers [7531] ,Average offered hourly wage (dollars) (5),x,x,x,x,x,x
Ontario,Water transport deck and engine room crew [7532] ,Average offered hourly wage (dollars) (5),x,F,x,x,x,x
Ontario,Boat and cable ferry operators and related occupations [7533] ,Average offered hourly wage (dollars) (5),F,x,x,..,x,x
Ontario,Air transport ramp attendants [7534] ,Average offered hourly wage (dollars) (5),x,x,14.75,x,13.05,x
Ontario,Other automotive mechanical installers and servicers [7535] ,Average offered hourly wage (dollars) (5),12.20,11.90,12.10,12.10,x,12.85
Ontario,"Trades helpers, construction labourers and related occupations [76] ",Average offered hourly wage (dollars) (5),17.10,27.55,15.95,15.65,17.00,16.75
Ontario,Trades helpers and labourers [761] ,Average offered hourly wage (dollars) (5),17.10,28.50,15.90,15.45,17.25,16.90
Ontario,Construction trades helpers and labourers [7611] ,Average offered hourly wage (dollars) (5),17.15,29.30,16.00,15.60,17.30,17.00
Ontario,Other trades helpers and labourers [7612] ,Average offered hourly wage (dollars) (5),16.15,12.90,14.95,14.40,16.10,14.15
Ontario,"Public works and other labourers, not elsewhere classified (n.e.c.) [762] ",Average offered hourly wage (dollars) (5),17.15,13.95,16.15,16.65,14.75,15.10
Ontario,Public works and maintenance labourers [7621] ,Average offered hourly wage (dollars) (5),17.40,14.15,x,18.80,15.15,15.70
Ontario,Railway and motor transport labourers [7622] ,Average offered hourly wage (dollars) (5),F,13.75,x,15.00,13.90,14.30
Ontario,"Natural resources, agriculture and related production occupations [8] ",Average offered hourly wage (dollars) (5),13.35,13.40,13.05,13.70,13.50,13.45
Ontario,"Supervisors and technical occupations in natural resources, agriculture and related production [82] ",Average offered hourly wage (dollars) (5),x,20.50,x,23.60,x,21.65
Ontario,"Supervisors, logging and forestry [821] ",Average offered hourly wage (dollars) (5),F,x,..,..,x,..
Ontario,"Supervisors, logging and forestry [8211] ",Average offered hourly wage (dollars) (5),F,x,..,..,x,..
Ontario,"Contractors and supervisors, mining, oil and gas [822] ",Average offered hourly wage (dollars) (5),41.20,x,x,x,37.00,x
Ontario,"Supervisors, mining and quarrying [8221] ",Average offered hourly wage (dollars) (5),x,42.20,x,x,x,x
Ontario,"Contractors and supervisors, oil and gas drilling and services [8222] ",Average offered hourly wage (dollars) (5),x,x,x,x,x,..
Ontario,"Underground miners, oil and gas drillers and related occupations [823] ",Average offered hourly wage (dollars) (5),x,x,24.15,27.95,29.40,23.80
Ontario,Underground production and development miners [8231] ,Average offered hourly wage (dollars) (5),x,x,x,27.95,29.40,23.80
Ontario,"Oil and gas well drillers, servicers, testers and related workers [8232] ",Average offered hourly wage (dollars) (5),..,..,x,..,..,..
Ontario,Logging machinery operators [824] ,Average offered hourly wage (dollars) (5),x,x,x,F,F,x
Ontario,Logging machinery operators [8241] ,Average offered hourly wage (dollars) (5),x,x,x,F,F,x
Ontario,"Contractors and supervisors, agriculture, horticulture and related operations and services [825] ",Average offered hourly wage (dollars) (5),18.15,19.40,19.60,19.30,x,20.10
Ontario,"Agricultural service contractors, farm supervisors and specialized livestock workers [8252] ",Average offered hourly wage (dollars) (5),14.65,15.15,17.65,15.85,x,16.55
Ontario,"Contractors and supervisors, landscaping, grounds maintenance and horticulture services [8255] ",Average offered hourly wage (dollars) (5),19.45,20.15,19.90,20.60,x,20.30
Ontario,Fishing vessel masters and fishermen/women [826] ,Average offered hourly wage (dollars) (5),..,x,x,x,..,..
Ontario,Fishing masters and officers [8261] ,Average offered hourly wage (dollars) (5),..,..,..,x,..,..
Ontario,Fishermen/women [8262] ,Average offered hourly wage (dollars) (5),..,x,x,..,..,..
Ontario,"Workers in natural resources, agriculture and related production [84] ",Average offered hourly wage (dollars) (5),x,12.00,x,12.00,x,12.35
Ontario,Mine service workers and operators in oil and gas drilling [841] ,Average offered hourly wage (dollars) (5),x,x,x,x,x,19.70
Ontario,Underground mine service and support workers [8411] ,Average offered hourly wage (dollars) (5),x,x,x,x,x,x
Ontario,Oil and gas well drilling and related workers and services operators [8412] ,Average offered hourly wage (dollars) (5),x,x,x,x,..,x
Ontario,Logging and forestry workers [842] ,Average offered hourly wage (dollars) (5),x,x,x,x,..,F
Ontario,Chain saw and skidder operators [8421] ,Average offered hourly wage (dollars) (5),x,x,x,x,..,x
Ontario,Silviculture and forestry workers [8422] ,Average offered hourly wage (dollars) (5),..,x,..,..,..,x
Ontario,Agriculture and horticulture workers [843] ,Average offered hourly wage (dollars) (5),11.95,11.90,11.95,11.95,12.15,12.20
Ontario,General farm workers [8431] ,Average offered hourly wage (dollars) (5),12.10,12.20,12.10,12.40,12.40,12.35
Ontario,Nursery and greenhouse workers [8432] ,Average offered hourly wage (dollars) (5),11.40,11.40,11.60,11.45,11.70,11.85
Ontario,Other workers in fishing and trapping and hunting occupations [844] ,Average offered hourly wage (dollars) (5),..,..,..,..,..,..
Ontario,Fishing vessel deckhands [8441] ,Average offered hourly wage (dollars) (5),..,..,..,..,..,..
Ontario,Trappers and hunters [8442] ,Average offered hourly wage (dollars) (5),..,..,..,..,..,..
Ontario,"Harvesting, landscaping and natural resources labourers [86] ",Average offered hourly wage (dollars) (5),13.50,13.25,13.10,14.15,13.80,13.25
Ontario,"Harvesting, landscaping and natural resources labourers [861] ",Average offered hourly wage (dollars) (5),13.50,13.25,13.10,14.15,13.80,13.25
Ontario,Harvesting labourers [8611] ,Average offered hourly wage (dollars) (5),x,11.25,11.70,11.45,11.55,x
Ontario,Landscaping and grounds maintenance labourers [8612] ,Average offered hourly wage (dollars) (5),14.05,13.50,14.65,15.30,14.35,14.00
Ontario,Aquaculture and marine harvest labourers [8613] ,Average offered hourly wage (dollars) (5),..,..,x,..,..,x
Ontario,Mine labourers [8614] ,Average offered hourly wage (dollars) (5),x,14.70,x,20.60,x,19.25
Ontario,"Oil and gas drilling, servicing and related labourers [8615] ",Average offered hourly wage (dollars) (5),..,..,x,..,x,x
Ontario,Logging and forestry labourers [8616] ,Average offered hourly wage (dollars) (5),..,..,..,..,..,x
Ontario,Occupations in manufacturing and utilities [9] ,Average offered hourly wage (dollars) (5),15.80,15.30,15.80,16.05,15.50,15.90
Ontario,"Processing, manufacturing and utilities supervisors and central control operators [92] ",Average offered hourly wage (dollars) (5),24.90,24.75,28.70,26.70,28.10,26.05
Ontario,"Supervisors, processing and manufacturing occupations [921] ",Average offered hourly wage (dollars) (5),30.50,24.55,29.30,29.60,29.65,26.50
Ontario,"Supervisors, mineral and metal processing [9211] ",Average offered hourly wage (dollars) (5),33.70,x,x,32.30,32.05,28.55
Ontario,"Supervisors, petroleum, gas and chemical processing and utilities [9212] ",Average offered hourly wage (dollars) (5),31.10,28.55,32.75,31.30,31.00,27.60
Ontario,"Supervisors, food and beverage processing [9213] ",Average offered hourly wage (dollars) (5),31.65,19.20,30.50,25.40,26.65,23.65
Ontario,"Supervisors, plastic and rubber products manufacturing [9214] ",Average offered hourly wage (dollars) (5),28.15,24.50,23.75,x,x,23.30
Ontario,"Supervisors, forest products processing [9215] ",Average offered hourly wage (dollars) (5),x,x,x,29.60,x,x
Ontario,"Supervisors, textile, fabric, fur and leather products processing and manufacturing [9217] ",Average offered hourly wage (dollars) (5),x,x,x,x,x,x
Ontario,"Supervisors, assembly and fabrication [922] ",Average offered hourly wage (dollars) (5),26.75,26.50,27.50,25.50,28.80,27.85
Ontario,"Supervisors, motor vehicle assembling [9221] ",Average offered hourly wage (dollars) (5),x,x,28.90,x,29.25,27.70
Ontario,"Supervisors, electronics manufacturing [9222] ",Average offered hourly wage (dollars) (5),x,x,x,x,..,x
Ontario,"Supervisors, electrical products manufacturing [9223] ",Average offered hourly wage (dollars) (5),x,x,x,x,x,x
Ontario,"Supervisors, furniture and fixtures manufacturing [9224] ",Average offered hourly wage (dollars) (5),F,..,x,F,x,x
Ontario,"Supervisors, other mechanical and metal products manufacturing [9226] ",Average offered hourly wage (dollars) (5),30.05,x,27.85,24.80,29.45,x
Ontario,"Supervisors, other products manufacturing and assembly [9227] ",Average offered hourly wage (dollars) (5),28.30,27.25,x,F,..,x
Ontario,Central control and process operators in processing and manufacturing [923] ,Average offered hourly wage (dollars) (5),F,19.60,19.65,22.65,31.60,23.35
Ontario,"Central control and process operators, mineral and metal processing [9231] ",Average offered hourly wage (dollars) (5),x,x,..,x,x,x
Ontario,"Central control and process operators, petroleum, gas and chemical processing [9232] ",Average offered hourly wage (dollars) (5),x,x,19.65,x,x,x
Ontario,"Pulping, papermaking and coating control operators [9235] ",Average offered hourly wage (dollars) (5),..,..,..,x,..,..
Ontario,Utilities equipment operators and controllers [924] ,Average offered hourly wage (dollars) (5),24.35,28.15,29.60,24.20,25.25,24.75
Ontario,Power engineers and power systems operators [9241] ,Average offered hourly wage (dollars) (5),29.55,28.55,33.20,28.80,28.10,24.55
Ontario,Water and waste treatment plant operators [9243] ,Average offered hourly wage (dollars) (5),18.40,27.40,22.95,20.95,23.20,25.20
Ontario,Processing and manufacturing machine operators and related production workers [94] ,Average offered hourly wage (dollars) (5),16.00,15.45,16.10,16.15,15.85,16.30
Ontario,Machine operators and related workers in mineral and metal products processing and manufacturing [941] ,Average offered hourly wage (dollars) (5),16.60,16.35,16.60,16.85,17.15,17.50
Ontario,"Machine operators, mineral and metal processing [9411] ",Average offered hourly wage (dollars) (5),15.00,15.00,18.00,F,x,22.95
Ontario,Foundry workers [9412] ,Average offered hourly wage (dollars) (5),x,x,x,x,x,x
Ontario,Glass forming and finishing machine operators and glass cutters [9413] ,Average offered hourly wage (dollars) (5),x,F,..,F,F,x
Ontario,"Concrete, clay and stone forming operators [9414] ",Average offered hourly wage (dollars) (5),x,x,x,x,16.95,17.60
Ontario,"Inspectors and testers, mineral and metal processing [9415] ",Average offered hourly wage (dollars) (5),F,x,x,..,x,x
Ontario,Metalworking and forging machine operators [9416] ,Average offered hourly wage (dollars) (5),16.50,16.85,16.25,16.55,15.15,16.90
Ontario,Machining tool operators [9417] ,Average offered hourly wage (dollars) (5),17.05,16.50,17.65,17.95,18.95,17.50
Ontario,Other metal products machine operators [9418] ,Average offered hourly wage (dollars) (5),x,16.55,14.70,15.20,16.15,x
Ontario,"Machine operators and related workers in chemical, plastic and rubber processing [942] ",Average offered hourly wage (dollars) (5),16.55,13.95,15.10,16.00,x,15.50
Ontario,Chemical plant machine operators [9421] ,Average offered hourly wage (dollars) (5),x,x,x,17.60,16.40,17.05
Ontario,Plastics processing machine operators [9422] ,Average offered hourly wage (dollars) (5),14.20,13.25,13.85,x,x,15.45
Ontario,Rubber processing machine operators and related workers [9423] ,Average offered hourly wage (dollars) (5),x,x,x,x,x,14.40
Ontario,Machine operators and related workers in pulp and paper production and wood processing and manufacturing [943] ,Average offered hourly wage (dollars) (5),15.05,19.10,16.35,17.85,15.15,16.40
Ontario,Sawmill machine operators [9431] ,Average offered hourly wage (dollars) (5),..,..,x,x,x,..
Ontario,Pulp mill machine operators [9432] ,Average offered hourly wage (dollars) (5),..,x,..,..,x,x
Ontario,Papermaking and finishing machine operators [9433] ,Average offered hourly wage (dollars) (5),x,F,..,x,..,x
Ontario,Other wood processing machine operators [9434] ,Average offered hourly wage (dollars) (5),..,x,..,x,..,F
Ontario,Paper converting machine operators [9435] ,Average offered hourly wage (dollars) (5),x,F,15.60,18.50,x,x
Ontario,Lumber graders and other wood processing inspectors and graders [9436] ,Average offered hourly wage (dollars) (5),F,x,x,..,x,..
Ontario,Woodworking machine operators [9437] ,Average offered hourly wage (dollars) (5),x,x,17.20,15.70,13.65,x
Ontario,"Machine operators and related workers in textile, fabric, fur and leather products processing and manufacturing [944] ",Average offered hourly wage (dollars) (5),11.40,15.05,14.85,12.65,13.90,14.90
Ontario,"Textile fibre and yarn, hide and pelt processing machine operators and workers [9441] ",Average offered hourly wage (dollars) (5),..,F,x,F,x,x
Ontario,"Weavers, knitters and other fabric making occupations [9442] ",Average offered hourly wage (dollars) (5),x,x,x,x,x,x
Ontario,"Fabric, fur and leather cutters [9445] ",Average offered hourly wage (dollars) (5),x,x,..,x,x,x
Ontario,Industrial sewing machine operators [9446] ,Average offered hourly wage (dollars) (5),F,x,x,x,13.10,x
Ontario,"Inspectors and graders, textile, fabric, fur and leather products manufacturing [9447] ",Average offered hourly wage (dollars) (5),..,..,..,x,x,..
Ontario,"Machine operators and related workers in food, beverage and associated products processing [946] ",Average offered hourly wage (dollars) (5),17.15,14.55,18.25,15.00,15.85,15.40
Ontario,"Process control and machine operators, food and beverage processing [9461] ",Average offered hourly wage (dollars) (5),x,15.15,21.35,16.55,x,15.45
Ontario,"Industrial butchers and meat cutters, poultry preparers and related workers [9462] ",Average offered hourly wage (dollars) (5),x,15.70,x,x,16.10,x
Ontario,Fish and seafood plant workers [9463] ,Average offered hourly wage (dollars) (5),..,x,F,x,x,x
Ontario,"Testers and graders, food and beverage processing [9465] ",Average offered hourly wage (dollars) (5),x,x,x,..,15.45,x
Ontario,Printing equipment operators and related occupations [947] ,Average offered hourly wage (dollars) (5),15.85,16.75,15.40,16.95,x,13.70
Ontario,Plateless printing equipment operators [9471] ,Average offered hourly wage (dollars) (5),18.65,x,F,x,x,13.80
Ontario,"Camera, platemaking and other prepress occupations [9472] ",Average offered hourly wage (dollars) (5),..,x,x,F,F,x
Ontario,Binding and finishing machine operators [9473] ,Average offered hourly wage (dollars) (5),x,F,15.10,15.30,x,x
Ontario,Photographic and film processors [9474] ,Average offered hourly wage (dollars) (5),x,15.20,x,x,x,x
Ontario,Assemblers in manufacturing [95] ,Average offered hourly wage (dollars) (5),15.15,14.65,15.80,15.60,14.65,16.20
Ontario,"Mechanical, electrical and electronics assemblers [952] ",Average offered hourly wage (dollars) (5),15.40,15.80,15.85,16.45,14.75,17.10
Ontario,Aircraft assemblers and aircraft assembly inspectors [9521] ,Average offered hourly wage (dollars) (5),..,x,x,x,x,x
Ontario,"Motor vehicle assemblers, inspectors and testers [9522] ",Average offered hourly wage (dollars) (5),15.85,15.90,16.10,16.85,14.45,15.50
Ontario,"Electronics assemblers, fabricators, inspectors and testers [9523] ",Average offered hourly wage (dollars) (5),15.65,14.70,15.00,15.50,13.30,x
Ontario,"Assemblers and inspectors, electrical appliance, apparatus and equipment manufacturing [9524] ",Average offered hourly wage (dollars) (5),x,x,x,14.35,x,x
Ontario,"Assemblers, fabricators and inspectors, industrial electrical motors and transformers [9525] ",Average offered hourly wage (dollars) (5),F,F,17.45,F,F,F
Ontario,Mechanical assemblers and inspectors [9526] ,Average offered hourly wage (dollars) (5),13.65,19.10,14.90,15.95,16.40,21.25
Ontario,"Machine operators and inspectors, electrical apparatus manufacturing [9527] ",Average offered hourly wage (dollars) (5),x,x,x,x,F,x
Ontario,Other assembly and related occupations [953] ,Average offered hourly wage (dollars) (5),14.75,13.45,15.80,14.60,14.55,15.15
Ontario,Boat assemblers and inspectors [9531] ,Average offered hourly wage (dollars) (5),..,..,..,..,x,x
Ontario,Furniture and fixture assemblers and inspectors [9532] ,Average offered hourly wage (dollars) (5),14.15,14.60,15.30,15.35,x,15.40
Ontario,Other wood products assemblers and inspectors [9533] ,Average offered hourly wage (dollars) (5),F,12.05,16.85,F,14.75,x
Ontario,Furniture finishers and refinishers [9534] ,Average offered hourly wage (dollars) (5),15.00,F,16.55,18.15,x,x
Ontario,"Plastic products assemblers, finishers and inspectors [9535] ",Average offered hourly wage (dollars) (5),16.10,14.00,14.40,13.90,x,x
Ontario,"Industrial painters, coaters and metal finishing process operators [9536] ",Average offered hourly wage (dollars) (5),15.90,14.70,17.20,17.10,x,x
Ontario,"Other products assemblers, finishers and inspectors [9537] ",Average offered hourly wage (dollars) (5),14.25,12.95,15.60,12.50,14.55,13.95
Ontario,"Labourers in processing, manufacturing and utilities [96] ",Average offered hourly wage (dollars) (5),14.00,14.20,13.80,13.95,13.85,14.05
Ontario,"Labourers in processing, manufacturing and utilities [961] ",Average offered hourly wage (dollars) (5),14.00,14.20,13.80,13.95,13.85,14.05
Ontario,Labourers in mineral and metal processing [9611] ,Average offered hourly wage (dollars) (5),14.90,16.05,x,16.65,19.60,15.65
Ontario,Labourers in metal fabrication [9612] ,Average offered hourly wage (dollars) (5),14.30,13.90,14.90,14.60,13.70,15.40
Ontario,Labourers in chemical products processing and utilities [9613] ,Average offered hourly wage (dollars) (5),14.50,14.25,x,x,13.65,14.00
Ontario,"Labourers in wood, pulp and paper processing [9614] ",Average offered hourly wage (dollars) (5),16.50,15.00,x,15.20,16.70,13.90
Ontario,Labourers in rubber and plastic products manufacturing [9615] ,Average offered hourly wage (dollars) (5),15.20,13.85,13.95,13.50,x,15.30
Ontario,Labourers in textile processing [9616] ,Average offered hourly wage (dollars) (5),12.55,x,F,F,x,x
Ontario,Labourers in food and beverage processing [9617] ,Average offered hourly wage (dollars) (5),14.85,14.35,13.60,14.10,13.75,13.30
Ontario,Labourers in fish and seafood processing [9618] ,Average offered hourly wage (dollars) (5),..,x,x,x,x,x
Ontario,"Other labourers in processing, manufacturing and utilities [9619] ",Average offered hourly wage (dollars) (5),12.85,14.15,13.55,12.85,13.05,13.15
Ontario,Unclassified occupations (7),Average offered hourly wage (dollars) (5),22.15,18.75,25.90,F,18.50,F
